[{"model": "polls.question", "pk": 1, "fields": {"question_text": "What's up?", "pub_date": "2017-11-21T23:18:10.720Z"}}, {"model": "polls.question", "pk": 2, "fields": {"question_text": "Why did the chicken cross the road?", "pub_date": "2017-11-22T12:31:12.072Z"}}, {"model": "polls.choice", "pk": 1, "fields": {"question": 1, "choice_text": "Nothing Much really", "votes": 6}}, {"model": "polls.choice", "pk": 2, "fields": {"question": 1, "choice_text": "Huh, the sky", "votes": 6}}, {"model": "polls.choice", "pk": 3, "fields": {"question": 1, "choice_text": "Chilling..", "votes": 5}}, {"model": "polls.choice", "pk": 4, "fields": {"question": 2, "choice_text": "Because he wanted to.", "votes": 5}}, {"model": "polls.choice", "pk": 5, "fields": {"question": 2, "choice_text": "Because the cat chased him.", "votes": 8}}, {"model": "polls.choice", "pk": 6, "fields": {"question": 2, "choice_text": "Ask him yourself.", "votes": 5}}, {"model": "polls.scenario", "pk": 1, "fields": {"scenario_text": "There is blood on the sofa, and smell emanating from the cupboard."}}, {"model": "polls.scenario", "pk": 2, "fields": {"scenario_text": "The dog kept staring at the door. Why?"}}, {"model": "polls.scenario", "pk": 3, "fields": {"scenario_text": "He pulled into the driveway, and saw the main door wide open."}}, {"model": "polls.scenario", "pk": 4, "fields": {"scenario_text": "Robert was getting bored sitting at his desk. It had been a quiet day at the station. His phone rang."}}, {"model": "polls.text_input", "pk": 1, "fields": {"scenario": 1, "input_text": "She approached the cupboard."}}, {"model": "polls.text_input", "pk": 2, "fields": {"scenario": 1, "input_text": "She looked at her hands, and went to the bathroom."}}, {"model": "polls.text_input", "pk": 3, "fields": {"scenario": 1, "input_text": "There is a slight movement at the window frame. He looks to see eyes, stone cold, staring at him."}}, {"model": "polls.text_input", "pk": 5, "fields": {"scenario": 2, "input_text": "The door had been locked for the last 5 years, and she did not have the key."}}, {"model": "polls.text_input", "pk": 6, "fields": {"scenario": 3, "input_text": "He rushed into the house, afraid that something was wrong."}}, {"model": "polls.text_input", "pk": 7, "fields": {"scenario": 3, "input_text": "He thought she had left it open by mistake, and went in calling her name."}}, {"model": "polls.text_input", "pk": 8, "fields": {"scenario": 3, "input_text": "Before he could go in, she came running out, screaming loudly."}}, {"model": "polls.text_input", "pk": 9, "fields": {"scenario": 3, "input_text": "'This is my chance', he thought, as he went in quietly."}}, {"model": "polls.text_input", "pk": 10, "fields": {"scenario": 4, "input_text": "'I have her', said the voice."}}, {"model": "polls.text_input", "pk": 11, "fields": {"scenario": 4, "input_text": "'HELP!' was all he heard before the line cut."}}, {"model": "polls.text_input", "pk": 12, "fields": {"scenario": 4, "input_text": "It was his wife, calling to say she would be late from work."}}, {"model": "polls.text_input", "pk": 13, "fields": {"scenario": 2, "input_text": "He was waiting for his master."}}, {"model": "polls.link", "pk": 1, "fields": {"scenario_from": 3, "link_path": 7, "scenario_to": 1, "popularity": 1}}, {"model": "polls.link", "pk": 2, "fields": {"scenario_from": 4, "link_path": 12, "scenario_to": 3, "popularity": 1}}, {"model": "polls.link", "pk": 3, "fields": {"scenario_from": 3, "link_path": 7, "scenario_to": 1, "popularity": 1}}, {"model": "polls.link", "pk": 4, "fields": {"scenario_from": 4, "link_path": 11, "scenario_to": 1, "popularity": 1}}, {"model": "polls.link", "pk": 5, "fields": {"scenario_from": 2, "link_path": 5, "scenario_to": 1, "popularity": 1}}, {"model": "polls.imagescenario", "pk": 1, "fields": {"image_url": "https://upload.wikimedia.org/wikipedia/commons/thumb/0/01/Unknown_dog_breed_treeing.jpg/1200px-Unknown_dog_breed_treeing.jpg"}}, {"model": "polls.imagescenario", "pk": 2, "fields": {"image_url": "https://data.whicdn.com/images/196319118/superthumb.jpg"}}, {"model": "polls.imagescenario", "pk": 3, "fields": {"image_url": "https://st.depositphotos.com/1006472/3254/i/950/depositphotos_32549801-stock-photo-hanging-phone-receiver.jpg"}}, {"model": "polls.imagescenario", "pk": 4, "fields": {"image_url": "https://www.quotemaster.org/images/e9/e90ee0d211af264e9a4ccd3c8a8849a5.jpeg"}}, {"model": "polls.imagescenario", "pk": 5, "fields": {"image_url": "https://fthmb.tqn.com/GnWpVcoQhkspCbgCfhS9etK1CPA=/3000x1974/filters:no_upscale()/running-dog-DavidMcNew-getty-56a26a6e3df78cf772755d93.jpg"}}, {"model": "polls.imagescenario", "pk": 6, "fields": {"image_url": "https://img00.deviantart.net/d381/i/2012/006/4/c/sinking_ship_by_a_rawi-d4lhp8e.jpg"}}, {"model": "polls.imagescenario", "pk": 7, "fields": {"image_url": "https://d2v9y0dukr6mq2.cloudfront.net/video/thumbnail/TgMBV2F/birds-flying-away-from-the-tree_41umfbmqg__F0007.png"}}, {"model": "polls.imagescenario", "pk": 8, "fields": {"image_url": "https://blog.bonus.ly/hubfs/open%20door.png?t=1515012757380"}}, {"model": "polls.imagescenario", "pk": 9, "fields": {"image_url": "http://jthomspon-wpengine.netdna-ssl.com/wp-content/uploads/2013/07/CL-053_BreezyCurtains-461x686.jpg"}}, {"model": "polls.imagelink", "pk": 1, "fields": {"image_from": 1, "vote": 1, "image_to": 4}}, {"model": "polls.imagelink", "pk": 2, "fields": {"image_from": 2, "vote": 0, "image_to": 9}}, {"model": "polls.imagelink", "pk": 3, "fields": {"image_from": 8, "vote": 1, "image_to": 5}}, {"model": "polls.imagelink", "pk": 4, "fields": {"image_from": 4, "vote": -1, "image_to": 6}}, {"model": "polls.imagelink", "pk": 5, "fields": {"image_from": 7, "vote": 0, "image_to": 6}}, {"model": "polls.imagelink", "pk": 6, "fields": {"image_from": 7, "vote": 0, "image_to": 5}}, {"model": "polls.imagelink", "pk": 7, "fields": {"image_from": 2, "vote": 0, "image_to": 8}}, {"model": "polls.imagelink", "pk": 8, "fields": {"image_from": 1, "vote": -1, "image_to": 2}}, {"model": "polls.imagelink", "pk": 9, "fields": {"image_from": 9, "vote": 1, "image_to": 2}}, {"model": "polls.imagelink", "pk": 10, "fields": {"image_from": 6, "vote": 0, "image_to": 1}}, {"model": "polls.imagelink", "pk": 11, "fields": {"image_from": 1, "vote": 0, "image_to": 9}}, {"model": "polls.imagelink", "pk": 12, "fields": {"image_from": 3, "vote": 0, "image_to": 8}}, {"model": "polls.imagelink", "pk": 13, "fields": {"image_from": 9, "vote": 0, "image_to": 4}}, {"model": "polls.imagelink", "pk": 14, "fields": {"image_from": 9, "vote": 0, "image_to": 6}}, {"model": "polls.imagelink", "pk": 15, "fields": {"image_from": 9, "vote": 0, "image_to": 1}}, {"model": "polls.imagelink", "pk": 16, "fields": {"image_from": 3, "vote": 0, "image_to": 7}}, {"model": "polls.imagelink", "pk": 17, "fields": {"image_from": 9, "vote": 0, "image_to": 8}}, {"model": "polls.imagelink", "pk": 18, "fields": {"image_from": 8, "vote": -1, "image_to": 1}}, {"model": "polls.imagelink", "pk": 19, "fields": {"image_from": 7, "vote": 0, "image_to": 2}}, {"model": "polls.imagelink", "pk": 20, "fields": {"image_from": 6, "vote": -1, "image_to": 5}}, {"model": "polls.imagelink", "pk": 21, "fields": {"image_from": 8, "vote": 0, "image_to": 2}}, {"model": "polls.imagelink", "pk": 22, "fields": {"image_from": 6, "vote": 0, "image_to": 8}}, {"model": "polls.imagelink", "pk": 23, "fields": {"image_from": 6, "vote": 0, "image_to": 7}}, {"model": "polls.imagelink", "pk": 24, "fields": {"image_from": 6, "vote": 0, "image_to": 2}}, {"model": "polls.imagelink", "pk": 25, "fields": {"image_from": 4, "vote": 0, "image_to": 8}}, {"model": "polls.imagelink", "pk": 26, "fields": {"image_from": 7, "vote": -1, "image_to": 3}}, {"model": "polls.imagelink", "pk": 27, "fields": {"image_from": 1, "vote": 0, "image_to": 3}}, {"model": "polls.imagelink", "pk": 28, "fields": {"image_from": 4, "vote": 0, "image_to": 3}}, {"model": "polls.imagelink", "pk": 29, "fields": {"image_from": 1, "vote": 0, "image_to": 5}}, {"model": "polls.imagelink", "pk": 30, "fields": {"image_from": 8, "vote": -1, "image_to": 4}}, {"model": "polls.imagelink", "pk": 31, "fields": {"image_from": 2, "vote": 0, "image_to": 1}}, {"model": "polls.imagelink", "pk": 32, "fields": {"image_from": 3, "vote": 0, "image_to": 6}}, {"model": "polls.imagelink", "pk": 33, "fields": {"image_from": 3, "vote": 0, "image_to": 4}}, {"model": "polls.imagelink", "pk": 34, "fields": {"image_from": 9, "vote": 0, "image_to": 5}}, {"model": "polls.imagelink", "pk": 35, "fields": {"image_from": 5, "vote": 0, "image_to": 2}}, {"model": "polls.imagelink", "pk": 36, "fields": {"image_from": 2, "vote": 0, "image_to": 3}}, {"model": "polls.imagelink", "pk": 37, "fields": {"image_from": 4, "vote": 0, "image_to": 2}}, {"model": "polls.imagelink", "pk": 38, "fields": {"image_from": 7, "vote": 0, "image_to": 8}}, {"model": "polls.imagelink", "pk": 39, "fields": {"image_from": 7, "vote": 0, "image_to": 9}}, {"model": "polls.imagelink", "pk": 40, "fields": {"image_from": 3, "vote": 0, "image_to": 5}}, {"model": "polls.imagelink", "pk": 41, "fields": {"image_from": 6, "vote": 0, "image_to": 3}}, {"model": "polls.imagelink", "pk": 42, "fields": {"image_from": 5, "vote": 4, "image_to": 8}}, {"model": "polls.imagelink", "pk": 43, "fields": {"image_from": 8, "vote": 0, "image_to": 7}}, {"model": "polls.imagelink", "pk": 44, "fields": {"image_from": 7, "vote": 2, "image_to": 4}}, {"model": "polls.imagelink", "pk": 45, "fields": {"image_from": 5, "vote": 1, "image_to": 9}}, {"model": "polls.imagelink", "pk": 46, "fields": {"image_from": 5, "vote": 2, "image_to": 7}}, {"model": "polls.imagelink", "pk": 47, "fields": {"image_from": 9, "vote": 0, "image_to": 7}}, {"model": "polls.imagelink", "pk": 48, "fields": {"image_from": 2, "vote": 0, "image_to": 7}}, {"model": "polls.imagelink", "pk": 49, "fields": {"image_from": 3, "vote": 0, "image_to": 1}}, {"model": "polls.imagelink", "pk": 50, "fields": {"image_from": 8, "vote": 0, "image_to": 3}}, {"model": "polls.imagelink", "pk": 51, "fields": {"image_from": 5, "vote": 0, "image_to": 6}}, {"model": "polls.imagelink", "pk": 52, "fields": {"image_from": 1, "vote": 0, "image_to": 6}}, {"model": "polls.imagelink", "pk": 53, "fields": {"image_from": 4, "vote": 0, "image_to": 7}}, {"model": "polls.imagelink", "pk": 54, "fields": {"image_from": 6, "vote": 0, "image_to": 4}}, {"model": "polls.imagelink", "pk": 55, "fields": {"image_from": 1, "vote": 0, "image_to": 7}}, {"model": "polls.imagelink", "pk": 56, "fields": {"image_from": 6, "vote": 0, "image_to": 9}}, {"model": "polls.imagelink", "pk": 57, "fields": {"image_from": 2, "vote": -1, "image_to": 4}}, {"model": "polls.imagelink", "pk": 58, "fields": {"image_from": 8, "vote": 0, "image_to": 9}}, {"model": "polls.imagelink", "pk": 59, "fields": {"image_from": 9, "vote": 0, "image_to": 3}}, {"model": "polls.imagelink", "pk": 60, "fields": {"image_from": 3, "vote": 0, "image_to": 2}}, {"model": "polls.imagelink", "pk": 61, "fields": {"image_from": 2, "vote": 0, "image_to": 5}}, {"model": "polls.imagelink", "pk": 62, "fields": {"image_from": 2, "vote": -1, "image_to": 6}}, {"model": "polls.imagelink", "pk": 63, "fields": {"image_from": 2, "vote": 0, "image_to": 3}}, {"model": "polls.imagelink", "pk": 64, "fields": {"image_from": 4, "vote": 0, "image_to": 5}}, {"model": "polls.imagelink", "pk": 65, "fields": {"image_from": 2, "vote": 0, "image_to": 4}}, {"model": "polls.imagechain", "pk": 1, "fields": {"start_image": 2, "end_image": 3, "votes": 0}}, {"model": "polls.imagechain", "pk": 2, "fields": {"start_image": 2, "end_image": 4, "votes": 9}}, {"model": "polls.imagechain", "pk": 3, "fields": {"start_image": 4, "end_image": 5, "votes": 0}}, {"model": "polls.imagechain", "pk": 7, "fields": {"start_image": 4, "end_image": 7, "votes": 1}}, {"model": "polls.imagechain", "pk": 8, "fields": {"start_image": 2, "end_image": 8, "votes": 0}}, {"model": "polls.imagechain", "pk": 9, "fields": {"start_image": 2, "end_image": 5, "votes": 0}}, {"model": "polls.imagechain", "pk": 10, "fields": {"start_image": 4, "end_image": 1, "votes": 0}}, {"model": "polls.imagechain", "pk": 11, "fields": {"start_image": 2, "end_image": 4, "votes": 0}}, {"model": "polls.imagechain", "pk": 12, "fields": {"start_image": 2, "end_image": 7, "votes": 4}}, {"model": "polls.imagechain", "pk": 13, "fields": {"start_image": 2, "end_image": 7, "votes": 0}}, {"model": "polls.imagechain", "pk": 14, "fields": {"start_image": 6, "end_image": 3, "votes": 0}}, {"model": "polls.imagechain", "pk": 15, "fields": {"start_image": 4, "end_image": 5, "votes": 0}}, {"model": "polls.imagechain", "pk": 16, "fields": {"start_image": 4, "end_image": 1, "votes": 0}}, {"model": "polls.imagechain", "pk": 17, "fields": {"start_image": 2, "end_image": 5, "votes": 0}}, {"model": "polls.actionimage", "pk": 1, "fields": {"url": "https://ak8.picdn.net/shutterstock/videos/7124878/thumb/9.jpg?i10c=img.resize(height:160)"}}, {"model": "polls.actionimage", "pk": 2, "fields": {"url": "https://www.walldevil.com/wallpapers/a89/house-snow-tree-light-porch.jpg"}}, {"model": "polls.actionimage", "pk": 3, "fields": {"url": "https://i.ytimg.com/vi/MO3thxNSk2w/maxresdefault.jpg"}}, {"model": "polls.actionimage", "pk": 4, "fields": {"url": "https://ak3.picdn.net/shutterstock/videos/22271533/thumb/1.jpg"}}, {"model": "polls.actionimage", "pk": 5, "fields": {"url": "https://i.ytimg.com/vi/_StgHl92v5Q/maxresdefault.jpg"}}, {"model": "polls.actionimage", "pk": 6, "fields": {"url": "https://ak7.picdn.net/shutterstock/videos/6063887/thumb/1.jpg?i10c=img.resize(height:160)"}}, {"model": "polls.actionimage", "pk": 7, "fields": {"url": "https://ak4.picdn.net/shutterstock/videos/18068164/thumb/1.jpg"}}, {"model": "polls.actionimage", "pk": 8, "fields": {"url": "https://www.moroccoworldnews.com/wp-content/uploads/2012/12/Fighting-Couple.jpg"}}, {"model": "polls.actionimage", "pk": 9, "fields": {"url": "https://i2-prod.mirror.co.uk/incoming/article2467849.ece/ALTERNATES/s615/clown.jpg"}}, {"model": "polls.actionimage", "pk": 10, "fields": {"url": "https://i.pinimg.com/originals/1f/a8/56/1fa8562b5eb5764d3efe6c18d2484c52.jpg"}}, {"model": "polls.actionimage", "pk": 11, "fields": {"url": "https://www.gunaxin.com/wp-content/uploads/2013/02/Man_working_late.jpg"}}, {"model": "polls.actionimage", "pk": 12, "fields": {"url": "http://www.englishexercises.org/makeagame/my_documents/my_pictures/gallery/w/walking.jpg"}}, {"model": "polls.actionimage", "pk": 13, "fields": {"url": "https://www.northlandchurch.net/_img/uploads/Chase.jpg"}}, {"model": "polls.actionimage", "pk": 14, "fields": {"url": "http://ardiafm.com/wp-content/uploads/ph/photostick-figure-in-action-stickman-with-a-question-mark-icon-looking-for-solutions-stick-man-vector-dr.jpg"}}, {"model": "polls.actionimage", "pk": 15, "fields": {"url": "https://previews.123rf.com/images/senoldo/senoldo1510/senoldo151000516/46477331-stick-figure-in-action-stickman-followed-footprints-with-magnifying-glass-icon-stick-man-vector-draw.jpg"}}, {"model": "polls.actionimage", "pk": 16, "fields": {"url": "https://thumbs.gfycat.com/GiftedSpeedyApisdorsatalaboriosa-max-1mb.gif"}}, {"model": "polls.actionimage", "pk": 17, "fields": {"url": "https://cdn.shopify.com/s/files/1/1061/1924/files/Very_Angry_Emoji.png?9898922749706957214"}}, {"model": "polls.actionimage", "pk": 18, "fields": {"url": "https://cdn.psychologytoday.com/sites/default/files/blogs/38/2008/12/2598-75772.jpg"}}, {"model": "polls.actionimage", "pk": 19, "fields": {"url": "http://jailfire.net/wp-content/uploads/2015/05/nervous.png"}}, {"model": "polls.actionimage", "pk": 20, "fields": {"url": "https://cdn.shopify.com/s/files/1/1061/1924/products/Sad_Face_Emoji_large.png?v=1480481055"}}, {"model": "polls.actionimage", "pk": 21, "fields": {"url": "https://us.123rf.com/450wm/wavebreakmediamicro/wavebreakmediamicro1111/wavebreakmediamicro111108872/11183717-students-working-on-an-assignment-in-a-classrom.jpg"}}, {"model": "polls.actionimage", "pk": 22, "fields": {"url": "https://d2v9y0dukr6mq2.cloudfront.net/video/thumbnail/Av5sdk1/two-friends-talking-at-cafe_bkku5-wvx_thumbnail-full01.png"}}, {"model": "polls.actionimage", "pk": 23, "fields": {"url": "https://www.actuall.com/wp-content/uploads/2015/11/audiencias-tele.jpg"}}, {"model": "polls.actionimage", "pk": 24, "fields": {"url": "http://www.theblogismine.com/wp-content/uploads/2011/11/New-Research-Men-Spend-More-Time-To-Get-Ready-Than-Women-01.jpg"}}, {"model": "polls.actionimage", "pk": 25, "fields": {"url": "http://ak1.picdn.net/shutterstock/videos/5297771/thumb/10.jpg?i10c=img.resize(height:160)"}}, {"model": "polls.actionimage", "pk": 26, "fields": {"url": "http://www.eatrightontario.ca/EatRightOntario/media/Website-images-resized/Family-meals-with-no-TV-resized.jpg"}}, {"model": "polls.actionimage", "pk": 27, "fields": {"url": "http://dineability.com/wp-content/uploads/2014/01/romantic-restaurant.jpg"}}, {"model": "polls.actionimage", "pk": 28, "fields": {"url": "http://clipartstation.com/wp-content/uploads/2017/11/skipping-rope-clipart-5.jpg"}}, {"model": "polls.actionimage", "pk": 29, "fields": {"url": "https://vectortoons.com/wp-content/uploads/2014/09/star-emoji-collection-2-008.jpg"}}, {"model": "polls.actionimage", "pk": 30, "fields": {"url": "https://cdn.careersinmusic.com/wp-content/uploads/2015/05/Fotolia_78030565_S_copyright.jpg"}}, {"model": "polls.actionimage", "pk": 31, "fields": {"url": "https://i.pinimg.com/originals/54/6a/65/546a650c0a1d1412103d5359ab1f56a1.jpg"}}, {"model": "polls.actionimage", "pk": 32, "fields": {"url": "http://taniasdancing.com.au/wp-content/uploads/2016/09/Tanias-Dancer-Rev.png"}}, {"model": "polls.actionimage", "pk": 33, "fields": {"url": "https://timedotcom.files.wordpress.com/2016/08/gettyimages-123522640.jpg"}}, {"model": "polls.actionimage", "pk": 34, "fields": {"url": "https://usercontent1.hubstatic.com/12624592_f1024.jpg"}}, {"model": "polls.actionimage", "pk": 35, "fields": {"url": "https://nairametrics.com/wp-content/uploads/2015/07/Investigating.jpeg"}}, {"model": "polls.actionimage", "pk": 36, "fields": {"url": "https://fthmb.tqn.com/Kgty7SX1aqUuL5qwi8D1vpB6X6Q=/768x0/filters:no_upscale()/GettyImages-AB17897-56a1e2c05f9b58b7d0c440fd.jpg"}}, {"model": "polls.actionimage", "pk": 37, "fields": {"url": "https://www.ycp.edu/media/york-website/behavioral-sciences/ycnewsite-behavioral-science-2016/BehaveSci-CrimJusticeResearch-YCP1.jpg"}}, {"model": "polls.actionimage", "pk": 38, "fields": {"url": "https://static.pexels.com/photos/36744/agriculture-arable-clouds-countryside.jpg"}}, {"model": "polls.actionimage", "pk": 39, "fields": {"url": "http://52.24.98.51/wp-content/uploads/2017/03/rain.jpg"}}, {"model": "polls.actionimage", "pk": 40, "fields": {"url": "https://thumbs.dreamstime.com/z/happy-kid-girl-eating-ice-cream-studio-isolated-28787981.jpg"}}, {"model": "polls.actionimage", "pk": 41, "fields": {"url": "https://herepup.com/wp-content/uploads/2016/03/Dog-Coughs-After-Running.jpg"}}, {"model": "polls.actionimage", "pk": 42, "fields": {"url": "https://image.shutterstock.com/z/stock-photo-path-of-drops-of-blood-on-the-snow-concept-of-snowy-lane-bloodstains-smudge-bloody-drip-367572377.jpg"}}, {"model": "polls.actionimage", "pk": 43, "fields": {"url": "https://www.gettyimages.in/detail/news-photo/body-of-a-dead-iraqi-soldier-with-one-foot-naked-lies-news-photo/532939782?esource=SEO_GIS_CDN_Redirect#body-of-a-dead-iraqi-soldier-with-one-foot-naked-lies-covered-in-snow-picture-id532939782"}}, {"model": "polls.actionimage", "pk": 44, "fields": {"url": "https://i.imgflip.com/3g5k6.jpg?a421800"}}, {"model": "polls.actionimage", "pk": 45, "fields": {"url": "data:image/png;base64,iVBORw0KGgoAAAANSUhEUgAAAOEAAADhCAMAAAAJbSJIAAAA9lBMVEX////65BQAAADtSR/wSh//7RX0SyD/6xVwIg7/6RTPQBs+OAXEPBpERERtIQ7/7hXgzBLz3hP34RTu2RPl0RLMuhDV1dXo1BPGtBDbyBLWwxG4qA9gWAjy8vKThgzJtxC9rA+snQ6ilA0vKwR0aglCPAVNRgarq6uLfwtuZAl6cAoVEwJ3d3fg4OCqmw66uro2MQQYGBhVTgdSUlKDeAojIAOYiwwdGgI6OjpHQQYKCQBSGQuIiIjGxsYqJgNhYWGSkpJwcHAmJiYXFQIaCAS2OBhfHQwREREyDwecMBR8JhCLKxJZWVmbm5sxMTEjIyNFFQkkCwUhd+WwAAATp0lEQVR4nO1dDXvaOBI+KzhelWbBGNeA+SYkkA+SEBIa2mT7sW13b9Pe3v//M6cZSWDJWJCG8LHnee65TZmi6NVIM5pXI/Vf/0ollVRSSSWVVFJJJZVUUkkllVRSSSWVVFJJJZVUUkkllVRSWbfUjs/eXn27+vT4/X7TXXkRubgmEXl/vun+rFru3xJN3tc23aeVypmA1T3sjaqn/Of/vNl0r1YnNW7AE586FP4XDDr4wfGmO7Yqqf0H8QU2tYRQJ3z4J0E8ADAlx4qK4/bh04tN920l8p4hOc0z+1EmEYwjgPhPcDf3DMcEAZZ69V4Eog0QrzfdvRUIeJkmAHNu2U+56FS9Yx/sfvAHE/Ztax5CWmYfvN10B58tsJMJOKCYDe1D9smuR8Xa1IQMYi6nAORGfL/pLj5T7uUqnCs0u/vTFEKFmwTQoj1Cvu14wHgkJJsI0KKt3V+IbD9TTZykFq38IxAeOokIrfzuR0SGsG+wYXn3bcjWYdewDsPdRwi+1KIJVqS5+o770vvvv/1gCKttlvrOgVcMR5AlPp5d7CZpcy6ZC5RRUbUjpWE3on67e7nw+UedeTrxIhhp80FTf9uxZPhY9Pth2D/qiJ8nTVvi4wk+k3G32r8TPz/u0oLkE7Q7CArMyRRcv8cx3HKItMhBD1ueC17I9U+4fneWI87QbiUnpyV16AAhYIpP8/hztTjT2wU+BrsSOCBCkLoaIhyvCp+2mRXdMfwU2lG1ZZcvd8eKFwggEh44AUWReapQZ8j+87nsRNXA4njw+cGmO7+M1HSAxfag7Vkio+9gOkEisYOW2oMWQCywZJF82HT3lxDwMr1ILk9L7IM8/nQEKggTjSiryPzqJUxZ6gH27XeoYMKOEtsbU4R5GRqjS9Rhpu3iokTzbj+p8YFotMXMhoIElsxUxIYPwu2weXq19UZ8G0/qp1S3MOKhraulHoy47eniOQSKxJQ3ByuR+IkJYzAh5GzTEBbIhREBGulzcs5vH21/wGDLcFJMRIC8TNVO1ONC3fKFyPYzD4kA2H5Gbt0SRmCw/QjPRHBLggA7NwPC5m4gNHBrFmQYBoTh9iNks3TsJQOEcGFgF2l9+xGCLy3bScyTDbOwk0syIs1Vt/wc4/zi/SM4y1bFmsM82W6ljfGw18zPGQNqF0t1llh9Ojt+s6VmPI4UBXV6geZv7PLJeKa/a2ljQJ1wOFNffdzCXPg70URlnopVXd9Syhaap5r6esuS4fMfvF+T7FH2RnZyliTStvzsIXspTXk0TRKpJ/Gfdo7uJAv3YdOgonLBuzfygwK1vGJjNMEPehIip9Ye6pWiV3C9fEtQbQ2up2UOejjIBy6lTM8n7BaRb5w7bE/Ze+oUOPPEE0HMfMlN03KknhYPUV9CeqOMP1fz02lLaRkxbs0WFS1Y9RTXQQtoJ9ih0Sr/SXGfuQpO5gplS5SDVWIItZHs2JLIAQkTGaE1FOcB0Zslw1iCQVo5TU9dYPVvmDsCeqZT1Gum7ArM9O3I+KGeBJNaN2yGkfTdQQ60gHOwBfoy00chArRDOH4i4wAANpthZaZ38IvbkA/DHD3CjhXlypJmgOk5gv+r29KoUYoK8l0CuxxShm/Z7I8nkanuNLdknkKcz89FiLkSSBY/jNdEhULP2X6bhYlRdDEDR7UF1YtQMDPi+5ci0UkoEQY5eajbkH2SRfWNMDlRbcgb3HxpH9CjMqn3PK8Q7aHlcQQClsv0iloYUaZTTK2W3iCHvPGgCKtQreWKdhEPlQbJCSEiDJK01CebryM+NyLALiYjsCiMgKHexiGb597M3JpVZP6xU0hUIy/TM3BvLGb+2DBC2LAZcnqrY66JAhuHBhuCjbcAYXIPLTu7uCaqYRiB+nYgTAaA5ZWGmiirrIdQ7eu9zSOEdZhPRuCx/fWRYQBg22JgF2FX9G3DCN9AlE8kSPlRjJUIIXeLW9NkZopl/o+bhFd7cwxn9tWwOId5YtlgUMJ4WPeDOXVf1HHzLcgvOoOyO4+Zcjwf9kQH3+83FfTvP14RKdl6UTOk43FijcuwVdAw2OVRZ6p+OPQ1jNRqVidT/cH3DYCMXbc7dKPMk1XX1OOBE007YszUUSU6RLmwo+nXnSnWfhO/+PPDzXSoZ4HN8afU2fiz/OkyP7vZNcU/GU//5mi6XmkwNT9rX/641lTx/BP+zmqr4tFCUG4ecirpRAJs8z71w0rR9YqVgTCYSDyoy//cGTXKgRvk/R7PMbKCf3R8PmjDtp9nHxV9MZ8/rBEgn5Z5hzsQSm13gJ2qosPh/AWpB7bU0zyv6+L8oouVbJ1mQcxb6lglLFR8CJALafDhKUtSgzqFEC25ti0qVsycVqLrynJcZM+AzeAW7AaKe3UqSINCdKcIsKfEEMq/1HEl9TZpKM3Twsk6rQg+5i7iV/hY57CPbcrziWhBCa95KiBBGFBM+pQYinrOPA2p5cHCzcabR35yPRn/Bx2g7/uQA9sIMU9PNYAe02NmC+5jaJfQlhGAZd8HAgpPwEkrBwNwGfXLonkH+cV1RA1chNGK3xwRJ9d4Ct+Hbcpd1ILTehoXFhOWBg8iAKGepoNMFfzF05Le/PTYGJtfx1KE0kol4QGEdf7BpXDs0Zw3UhPlC7WST81qonKizFRtHhDyHJs+rMWI4Ga6Cm0xtSHfSDO5jTqZSE0UFecVZQWhtKGkdcidyp5LG/KWXj7yH5NYvlMul4XR7JuYCdnkZHqe5gsjauUmxXJZZCeiKqwZa17k2JTNkasXR3jNPHkiLcHpw35iymtfzkEQ+To6m+SMGg8IXvrsFO7WnyR2gc+z5JQWo97EkPGCGxolcwKQjL0093ZOjCmrBc7AUBPlY8BI1CMvY+BtvPHLe1PIeE3ECttxPiRza2hjg41wllcMA8hC6m9rQFhO7gE9fF5NVBjzU4o41ZfP+d/ozn4OQgO3hggNNlyAkK4JYfLNZctim8+b5Hu/eNZyYkAIztJAMBe6Lz9LIeDfJp5TUOuUyLO2eYIbs2zi161cX9vSac17Lx7ya/fHV4Qcldx59BlL4/KYAPQqhXk3Dil1fdzUhMWCE9ezLDHA+17DxvzmaaEMJv74cnf5zr8fECl3tzrzRK3G4Yw6qoau1knHa82Knm5GFW0MKC33Lqf6o9tAm8rUKvWnavLxJRiNmnKdEJaT0gm72VXVD4MoBlqoa0VPQz86We28zkyNPGX7HWZV9duVZ4rHJC6DaR+pO4yrs7ObP7Y/jutPZnOR6swcyOxmVISZmsn1arOMR2y00ysVrULeD8VjVn3Zg4rAVC9VAq/ckEypLPviBSdQ9OTnvaDSFMxSpyiZKW7/m5Nmpejl/ZZgSiWxJYgb0r0tlT3qVeR0X+FUreECvJNFTZTa3gCNMsTtC3pItvbwoSvQO3aZp3o89Dn8D71ijquBeUKuBh/mYRZCwNmwYAu97bUnsxEUZ+H9iqi3Yfoiv8y3upmKb8m1VerIxW5Xp/TDpKmsO6eM3W4xiDZ2Z1hUkkYLOYlTWGx4o4vcKs07HvqVfk5a8LPKTNn57CqtiD7G16MUr8sa2bymJOtpvpNa6Dsq1AnF31PFwUObriwKizffRtwshMB/j3TXTC0ktFYTOO55T1mzxXw+sqWyses+VC6TS7BAIZ/PR/YzmNE/UOxhDwB4TB9RF4FUq+dwoCpOrHlOrlXgkgk/oNObB4irqe2D19bwLTLIX6uRuYZnY3ewCCdI5cbqacCBtGE24yFprCYKZzeyo01snqg7OpzdVRjGsSv/ejTvgNPXlWSLECdOeNHSnZa/U+nEsYexmihRdciWGw59rCbKljHicH5NlCVjIO5U4whhnq+ijuEtMxGfHHAoX1UQiighuLOYDW1xhztMqImiIkqK5rW6tik3xwsBYgh5g8/3p5BMiHoQ6jcalWgPMV8j05TYLTVKauoT8C4KL5JvNFSCw4nc8ObNq6mnw6/qC1gea14t+4DSv+enGsBwy4SQ6htqTh/eTE/FYnr0+fVEPS/tS24evVA38etY/Pjsrc2jLC2cL5Mogpggw2moZMARODLkg/B1Q8nVSh5/uZq9RjZH7CExlovA0rwx1ERB0DPwNrlLfe2pX6+swJvWiEZha78DfImBdih08Dwp8euwX2kZaqIg5hlKrtzJ80/casRI76ERknuAFaTJBDEnQE0VQ+AtDV93Tp+f868A4aKqr0UIDdSd83k1CA0XBvGkIZkBtgosig+T1ThLDeWnC2cpWcG58CfY4Sc99IRXk0kp6TYet9HnxHeiOMt/ktx8DhIUvdRmJivxNBAtHlphhc77NSwfhGjRbzWLuTnckkVzmPm0W42CPW+qUjzwzbLmnblfd4BeJSetZjB3EGgOosWHi4ufDxi149kr4/GqJkoroxn3dOLrBBkthDPypXNb1PtIg/aMe6qGseYtfzRVkxh1xZqPUFvXxz8T+GvviSKTWyVJcxoaN9NV6/QLbY2b6Sv0nC2uPk1l3FYw0tKdqh82lD2reztR9U9/AX0O93RTinBP/bi+OkuDbV8v2yKKy5LUTVQeZmnw7L5edIhmI5wr3cT1T1yRoqzrJPTzhXxJckvyLr1T5iP4eRT6gVsJ6+IXyv2HvGnRvW1W3MBvCXsNXck9ifb6rVLRZc0Le8lDG5m0jHuh73mVsMenw0Syd1QkLXdtthdnv14UADxpF47c02XLkuRQLuDJ3CH/DZz9YhMHuSe2JbZ9Puh8pvL3hMgIHBDqbauFNn1AK1MPy4c60+adnOCWRtF6gKpvi687ts+XhMhi+ID1Aklt2VaIS/oJKT+yhyo5JMoJIRkW3FMYdYDUKY1lHwT3lI+uO1rAIcpCLoh3ukhdWXd2HjHADSk+fuOS2nw4kZOE3+KoKsuaWjjtlz6YQu6ppG8mOG87cHjScxnozs3DuRYI+m8Uy3Uw0WDZMuee9OYpNzzbQGFWeRejtgI0kyuyyvr85pfc4cy4JyGu60KCwAu78px7Kqh6HEdYXd0c554i2XyB6x1R9TTjnrTm0fRBDuidIyvefAEgVnNI0rXjzfOZtRzB+I1I6kUMz43YP+P8qOJgRYd4eqegAPQZrvvodhv9AvQI79sRHIBo8zm5AKG0hvk2mKKRjAvJDOAW+ENSJbzzFy2qYqtyYsvmlyp8R+5JoYym+2ccxlOi8TGAkLNFvlArp6R0StDgCI2JpLYkwlPppKG0f3JK1FNStA3SG+iBTnECRb4Oe+POrKhqmZjxg2jvN9sdaRRZ9aTeg5ndC3FElFTrtqQNRdLOREmKpzYUtIWWjuCwcQKHik2Gko7AocGYjxg4iCXYN+Ce1IeQaDMMxahSfoiinkR7rbAl3l3n97Jv1F1oJQwFZFlcqzbP1GLVC/ZNrRQIWPPeDGysLMwPw2ak+cW7VNisadRK5LEqdGQ6czPjiDiFqudbMz2nUIsxtWwefb7OCkSaR3+qsQKRG9L5pdwp223fWYmCqz25YISPgCGlG8bmuCLFOQiizd/G5rgqd0vcOq1daY5AFZ6ymcmhsSGnhTVpuI+H09TAPcE07SSXOoArW/jiW81oo4Vptzcx38cLdT+k6VksmJia1/2Q9nWI2MsgNFTMoOs3EKhgBENpHxrBUDEDt0oNUwBLjpL52eUemqrp3lhrYxE5dGOuXIudPmh6FtxuTM0vQFhaEqGJwjzRo6Uq7qn5FfbmginSl0dV8wVmqamoqrUkQoMR4GquyQgQEC8NCG7nBJOo/pKYSgNxCnSf+6TdgZGmdha486bZneNJhcHGuOkx/JMfuOkxDNBwmSQRUifzFXnDw4A8d0vuIkxiwzTkA5QcrOxqfEcVFdjVLy6xvTcZid94SR4Bb2wcAbGvTRwBjiD5xTd+IHmY2DzsN5bInz7Bc785e57kxJlnfb7a5uUFkEMm6MUttSS1eKV2kKQX5+JBQu8o2458WrgK3x5AeniZnS/imapJd766K6rXbhL08mQ+QdsVhNZpUvOCQXxI+D64qW8MgREh+SfI/zlCNkX/+GWX5Y9FTAZL8N/t77K8W5Tm/8bcyP7e7so+WcR9Q3XJpnv5LGH9/25ECA9dfMlsups/LZkvZFGdFGy8/9rdabr/F1m49X5LyH932Ib/XfzGGzxE+npXIWZeL1yG/P7d112dpvtfyRKFw3A2+mo3jZh5tTBWgED29G43jZhh4X6Z7AkKML7sIsR9CBXLHJLimwJ7uzdPMxDtlyvfh33NHzsHMbPHNt3kwzIAeZ3C1x2DmNkDP7psrQLO06+ZXYKYyXxdeo6CwBki+XuHrJjZ+xu6/IQKNyxW+P31/m5gzOy//p0sFyg0iOSXvV2IGvt7v5AnA2Rrkb/G9tfeltsxs7/3F/b06unXvMQ/Q/nrF9ZKZjuFjf6XX3k3Pz4ZH5N78e8BkHf//vPL61fbJq+//Pnvd6KHP372KuLx7OHAbZar55RCX1wv/gUbluvn3u6qXZwdbKsprw7OLlZzp7t2/kYI2vT315sSCHvXF7Iz5y/zLha42C+bca6YHv2U03ySABv362Y2AvsQ2dfwKN31xogcoGHW8dD+I9uUb2afk/l7Pe8Kw0H/q00YcR+IpnU8Rgup1e+vMms/Vcq8Ak+6ln/rCiv53/26bsEd2noev65tbgOwrn9qtraprdyKH6UxyZuzg/XL2Rb+e3OppJJKKqmkkkoqqaSSSiqppJJKKqmkkkoqOyT/A/b9FDhgv6f4AAAAAElFTkSuQmCC"}}, {"model": "polls.actionimage", "pk": 46, "fields": {"url": "data:image/jpeg;base64,/9j/4AAQSkZJRgABAQAAAQABAAD/2wCEAAkGBxIREBUQEhIVFRUXFhYVFxYWFxYYGBcWFRUXFxcVFRgYHSggHholHRUVITEhJSorLi4uGB8zOD8tNygtLisBCgoKDg0OGxAQGjUlHyUtLTItLS0tLS0tLS0vLS0tLS0tLS0tLS0tLS8rLS0tLS0tLS0tLS0tLS0tLS0tLS0tLf/AABEIAMMBAwMBIgACEQEDEQH/xAAcAAEAAQUBAQAAAAAAAAAAAAAABQEDBAYHAgj/xABEEAACAgECAwUDCgMFBwUBAAABAgADEQQSBSExBhNBUWEicYEHFDJCUmJygpGhIzOxFVOSwdEkQ5OiwtPhFjRjg7Jz/8QAGgEBAAMBAQEAAAAAAAAAAAAAAAIDBAUBBv/EACkRAAICAQQCAQQCAwEAAAAAAAABAhEDBBIhMUFREwUygbGh8CJhkRT/2gAMAwEAAhEDEQA/AO4xEQBERAEREAREQBERAEREAREQBEt23KilmIVQMkkgAAeJJkBf2mL/APtqi4/vbCUrP4Rjc3vAAPnIyko8slGLl0bFmY2v19dKb7G2joOpLH7KqObH0HOabqeJ6vvVS2/bXYdqNQgQB8E92+/ceYBwwI6Y5HGbOlq2apss7lqg6tYzO6e0VZVLE4U+ycDHMGZZa2CnsXdfgujp5Ps3PhvGKL/5bgsOqMCrryz7SMAw/SZ85pxK7SG5aTuFpsDlqRh0cKWD2WKOXJc4J5gY5ibz2d1T26Wqx/pMgJPTd5NgdMjBx6zRjybvBXkx7H2SLHHOUVwRkEEeY5zE4rxKiisvqLK66+hNjKqnPLHPr7pxu/SlOL10cD1HsuoscIS1NIJyc4O1q9vPYeYyACMjE2yMY2dxiUErPSIiIgCIiAIiIAiIgCIiAIiIAiIgCJTMrAESmZXMAREQBERAEwuK8RTT1m184GAABlmY8lRR4sTymbNY7cA403l3xz7+5txmRm6i2SiraRHW95qWFuoxjqlAOa6/It9uz7x5Dw8zlKuf8/8AzPCHkPdI3iundG76sgK2FuLbiEwMLeQvMgD2SOWRtORgznNub5OikoLgp2gcsi1Ug2WtbUyIuMnZajMefQBQct0AkxV2YtA77vwNQwAYFd1W0ElawOTYGT7QOSTkjoBLcE4RVQu5TvdwC1pwWYeGMcgnkq8ueepJLtB2i02hrD6iwLuOEQc3sb7NaDmx901Q00FzJWzHkztvgh6uxivct2pNT4DZWuo1794GVsfeTYnIciMHAkT8pHylVcMX5tQFs1OPofUpGORsx44xheX6SV+UPtgOHaA6gDF1g20o2M94wzlhnovU+7HjPlrV6l7bGtsYu7sWZj1Zj1Jl9KPRGKc3bJHi3GdRrLDdqbXtcnPtHkvoi9FHoJlcI41bp7BZVa9Vg+uhwceTeDD0IIkKjie1Mpdm6CilR37sN8qi3FdPrdqOcBbxyRiegsH1Gz45wfSdRUz43rLL4HHj4ido+SLt4SV0GpfIOFosY8wf7lz4/dPw8pZGfhmbNgVbonYYlAZWWGUREQBERAEREAREQBERAMbXa5KQC2ck4VVGWZvJVHU/06mYSvqrOYCUKfP+JZ8QCEU/Fpbx/tz7+pqTufwhm77b657rPps8pmarXLVgYLO2dla82bHl4AeZOAJG+aPa4IvUdnLrHLNxDVBeWFTukxy581SW/wD0eOvz3XZ9bgR8Rtkls1b899VQ+yEa1h72LKP0EDT6sdL6m9GpIH6rZy/eSPCOfhF1XMO9yjwW22uzHplzWx9DtnoWVhO8GutrHMYserkR1VltTOR5TM1Gq1C12bqlDKjMrI24FgOQ2kBs+OOku8K4bQiixAHZgGNzYZ3yPpF/8hyHhiRPSLHGcfR12ncffTmfzIwH7T0vagKfa7h//wCV6bv8Nuz+s2SUK5kjwh6u0+mON1nd+Ht8hny3jKZ9xktVYGAZSCD0IOQfcRMXUcI09nJ6Km96Kf8AKYnD+zOk07h6KVpOckVFkUn7yqdp+IgExIntRomu0zhBl1xYg83rO4L8cFfjJaUM8asJ1yaRw+8PWGXpgEe48xMpGI6TF4lpvmupIH8u0s9fkGPOyv8AUlx6FvKX1cHoR0zjxxOZOLhKjpwkpRs9aY2U/wDt3VV69zYCax57CDuTPlzHpOU9s+N2abtDp9fqKWFahPZbDptAKWGk9DjduHIHOMgTq0hu2PBhrdDbRgF+TVHHNXBByPeMj1l2PO06ZXkwp8o5d8rHaD+0+JrVpz3ldYWqnb9d3wXYe84H5ZrOv7Laum6qh6v4lv8ALCkMGOeYyOXLxm6diezB0WsL6kpkCyuvn0sDAMGyMBipBXnzDcp0Ls9oAtVTOo3orKh5HaHP0QR90KOXlLMmamRx4+DVez/ybaTTKj60i2xiBtJIpVj0UYxuPhluRPh0m70cK09YwtFSgeArT/Sa5xjtRo95r1OptqqYmvbUlZOwEIz398rEKWJAULnC7vEY2ThasKzS7FnqZqnLYLHafYdseLJsbPrKsint3Nk4Sg5bUfOvE6GqvtrIwVsdfLox6fDH6ymh1BVwcnr18c5yCD5g+M6L8pvZQu3zqnm+326x1dE/3iDqSMgH0x8ea6ahndVUEsSAAOpJOAB6knEtUtyssjwfUHyb9pDr9ErOQbqz3duPEgZV8feXB9+Ztc4D8k/FH0nFPm1oKd7/AAHVuq2Llq8+udw/PO/CaIO0YM0FGfHQiIkioREQBERAEREAREQDF12hW0YbIIOVZeTI3Tcp8D/UZB5GR66tqD/tAGOg1Cj2SP8A5R/u/f8AR9R0k1KFZ40DxXaCAQQQehHj7p7zIyzhAUlqHNJPMqBurJ8zWeQ967TPA1t9f86ksPt0ZcH1Nf0x7hunnKPSTsWRtmmaol6WCAnLI/8ALJPUjxQnzHLxIMydJxOq3klisR1XOGH4lPtD4iY/zcW6hzYu5awgrDD2csCWcA8iegz4YPmZ5XlA808erztt/hHzJDIfdYvIfmwZKo4IyCCPMcxLHzVRzCr5dB0PhMJ+DoDur3VN51NtBPmyfQPxEbhRLRIgtqq+e6u5fvZqb/ENyn9BPFXaSotsKuG8l22nHniksceuJJNM8JqJg6fjGnc4W5C32SwDfFTz/ae+JcRr09RtsbCj4lieQVQObMTgADmSZ6CN7XGs6co2S7ECkAjd3o5qy+QGMk9MZkJoND3QLMQ9rY32YxnHRUH1axzwvxOSSZW7Wc21eo9lj7KJ9I1oT7NSgfSsYgEhepwOYXMrpbLGBaxAmT7K5ywH3yOWT5DOPMzDnnufBuwQ2rkvyjHHMnA8z0mHrrbThKQu4nmzZIQeYUfSPhjIHj6S1XwOrIa7N7/atO4D8K/RX8oEoSRe36IbtjQq6mh2UNTfYqWA813ord0WHQ53eP2F8pOU6yqpFD2V1+QZlXp5AkSms4Npbs97p0ck5JJbOcYyCDyOPKWhwML3ndvvFiqjV6jLjCbiuy0e2jAtnd7XQcuUsW2VJsrblG2kWuMcB0usarVKtFllbcmYb0cD6lmwjIBwRz5EeWZnaPhuLGvch7nzvt24LZxyA8FGFAXnjHmTInT8eocJapK2gFLVY1kahUbaLEdML3oPQMFLA4xnbj3o9Bbcj7ba6lsqZTbTuYWuxH8U1MAK3A3AgEnLc+knJNKr4IQknzXJ64ClCm0nUi+8ti2xyoOBzVa1zgVDPILyznPPM8cQ4DoqG/tBqiGrbvFWvP8AFs6qAi8mYnyHrIrgPBdZS/zfWWLqaRZW1IA32OagTtrRs7ATsLZO0bfWdF4FwMV4ssVQwz3dafQpDdQvmx8WwPIYHWaxXK0+CDy7Y01ycC4Tw/WW675w1NnePetwwjnDG1WHPHIDlzPgJ9OCUxAmmMaKMmTfXHRWIiSKxERAEREAREQBERAEREAREQDG1egqt/mVq3kSASPceomJ/ZG3+VddX6bu8X9LQ2PgRJSIBGbdWvQ02j13VHHvG4E/AR/abL/M09y+qhbF+Gwk/qBJOIBrg1Wnuvc3OhUBBUlh2jmMsxR8ZfdyyRyAGOpk3VUgHshQPugY/aXLagw2sAR5EAj9DNZ7RXaLSDJpHet9Cur2Hb7xKkbVHix/c8pGVJWyUU5OkTnEVqFbPcE2KMkuAQB8ZqX9l0ahxcyPUq/yUrsevZ4d4yqdu8+RHIcupMhNA1urG9r7UZbX2or70rwcLgWhtx24bJ5+1yx0kwKtUvS6pwPt1FT+tbgf8syzyp/aaYYGvuMXX6J1uA091l1wX2VtFRqpVs+3Y4UEE4xy3MQOXLJkg2g1m0DvNM58eVtXvA+nI9fniXNYKamVwO8VbiG3KAqum9AM4ABBPgD55yxxVx9LTageoFTj/ksJ/aVtp+CxJryXKKtSgwdOG9a7kOf8YSWdXxM0qXt02oRQQM7a2yScAKK7GJJPIADMujj9Y6i1fxU3D99mJH67jtQvrv3pYEVl2bgrqzEfxED4BbHs4JBx06kQop+A5SXkkG12OtOoH/0WH/8AIMweI63vNtYXUKjZ71hReDtAH8NfYyCxPUdAG6EiZuh7Uaa7O21QRgEP7Byfxcj8MzKfiVZGRamPPev+sjSXglcn5I3T6qhMgVWKCApC6a4ZA6Kf4fMTGp02lQt3FWtr3HcVqXUIhbxYKy7QT6Ykt87XwsX/ABD/AFnpb89GB9xz/SN1HrjZjaHRgnvVbV1sAUy9g3YJDHAYHkSB+kz2a4dNbcPeNO39apYMR8sl0x8UfKLWn4trDYy16gOiZVnspUlrOR2p3ZUYUcifM48DJBeL6wf3D+8WV/0LSJ4AR81q6ZKBm/GxLPn13Fpmtao6kTk5fqWdZHtfAWng1yjI0/ae9naoaZCUC7mF/sAtzC5Ned2MHGOhHnLx47qf7rTj/wC6z/szV+E3nbYueYvu3eeWfcufyGv4Yl668KV3HmzBV8yxBPL3AEnyAnXjqZtIrWnh5NlTjmo8aK2H/wAdxz+j1qP3mbpOOVuwrZXqduSrYoG4+SspKk8jyBzNNt1jVFNozvsVCD5EEkj1AUmOI8ROx0+sqpcnoyWrtx67gOUthnk2rIzwRSbR0YSsoJWbDGIiIAiIgCIiAIiIAiIgCUlZgcb4mmmoa9+YUclHVmPJUX1JwJ43R6lfCI3tX2iGlQIgD3uPYQ9APGx8fVHl1J5D00AUM7NZa5d2OWY9Tjp7gPADkJ7QvY7X3HNjnJ8h5KufqqOQ+J6ky/OJqtS8rpdH0Oj0iwxt/cWdOTQ/e1gkHAsQdTjo6/fA/UY8QJs+k1SWoHrbcp8R5+II6g+h5zXZb7ohi9btW56smPa/Gp5N8RnyIkMealUiebT7nuibZLdlwXx5+U1m3jGorRnsVLFUFmZCa2wBn6DZBP5hPOi7T1scfN7dxUthmQAKr7GZtpJ2qeuASB4TTH/LowzTg/8AJGwHVt4f6yPtoqTncWOST/EvsA5+QL4x6CbRpOz+9Q1txYMAQtGaq8deTKd7e/cAfKSmj4Pp6eddNanxYKNx97HmfiZqhp35ZjlqI+EaNVwejVfw6KnVjjdbutC1oerAsQHbyAyM8zyEldT8nenZxYlliMoIAK0OpB6hg1eTzAPXPKbliVmiONJUZ5ZG3ZotvYM/VbSt+PTAH9VfH7StXZXU1ZFS6YZ+xurz78KZvMQ8UH4PVmmvJo39icQ+zR/xn/7UuL2e1p6tSv57G/6RN1iR+CHol88/ZpWh7G3ICDqUALM2EpJ27jlgpdzyySenjM+rsenV9RqG9M1oP+RAf3mzRI/+TDd7VZH5Z+zW7Oxun5mt7q3OMuLCxbAwNws3A/pI7/0Ee+Fx1txYbguUq5Kw5pjbjbkA9Acgc5usS344+jzfL2cw43wm+rUhTbaVVQ1RTTbwzOGV87AeYGAM4+kesrwvgGpfUozd6yF62sNtQrISslwgbIG3fj2VXJycnxnTYkViinZJ5pNUBKxEtKhERAEREAREQBERAEREAGc87Za3v9WKAcpp8Fh4G51yM/hRh/xJuvGeIrpqLL36IpbA6sfqqPUnAHvnMNGWKl3OXdmdz5s7En4eA9AJh12XbDau2dH6dh35Nz6X7L8RE4x3xET0x2jJGT4D/M+kHjMHjf8AJ7odbGRT6B3VQP8AmzMLTDbdTeORDXD8lupdQP1Ncy7j/Gq3Hoz3v+GpT1+LqfhMSpMUJu6iihj+J9UpH7rNmH7TDn+43vs/xUUEIx/2djgE/wC4dj9H0qY9Psk46EY3MGcw09oBIYAqcgg8wQeWD6TZ+z3FDWV09jZVuVFh5np/Jcn6wH0T9YDnzHPbpNTvW19nP12k+OW6PRtMSgMrNxzhERAEREAREQBERAEREAREQBERAEREAREQBERAEoZWQPavjvzWrCYN1mVqU+fi7D7C9T58h1M8lJRVs9jFydLs1nt5xTvr10iHKVENZ62kZRfyg7j6lfKRirgATH0mnK82JLEkknqWY5Zj6kkmZM+fz5Xlnu8eD6fTYFhxqP8A0RE97cdf08f/ABKaNFlKwf8AyfCPpHA6eJ8/U+kc25eHl4fGWdfqhVUzDmcYH3mPJUHvJA+MklfBBvyRurbcNS69CE0qH1cgOR8XI/JMjXgZZentaOke9WN5H6ETxptN7Wn03XZm+w+bNlVz72axvyzA4rfusoI+vq7Lj+GtTQn7YM1wqvx/f0Y59/n+/s2CZOntBU1PzVvhjByCD4EEAg+BExQZWY4ycXaNs4qSpm8dm+Kl86e1s2oAQ3Tva+gs8tw6MB0ODyDCTwnNNPqHG1kOLKzvr8ifGtvusPZPwPUCdB4brFuqS1PouoYZ6jPUH1ByPhO9psyyx/2fN6vTvDOvBlRETQZRERAEREAREQBERAEREAREQBERAEREAREQDE4pr009L3WHCoMnzPgFHmSSAB5kTlvzmy+59Rb9NvDqEX6ta+gzz8ySZM/KBxI2XrpVPs1AWP5Gxs7F/KPa97L5SI06YUfrORr87b+Nfk7f07TpR+R9vouwpEROedU9b8dBj+s8xECj0z+A5CRtx7y4L9Sr2mPgXI5A/hHM+rDymRrtT3aZAyxO1B5seg93ifQGR99O2paM5a4nefEr1tY+/O38/pLILyVTfgvaPUla7dXj2nBZB6YCUoPf7Jx5sZhvpgbAoPKjuqwfM1qWf9Wsx+WZ+utVCoI9ipTqLAPJOVSfF+Y/BLXDdKdg39ebN6ux3N+5MslJqF+yuMbnXoy9IzYx4TJlAJWZjSVU4M3PsWcVWp4Lc+B5b1WwgfFyfjNOqxnJ5AcyfIDmT+mZvfZXTFNMrMMNYWtYeW85VfgmwfCdP6cnubOT9UktsV5JiIidU4oiIgCIiAIiIAiIgCIiAIiIAiIgCIiAJQmVlnWVl63QHBZWUHyJBAMA4784N9jXH/e2NZ+Vj7A+CBR8JJSM0FZRxS422IArIeoIGPiOXIjkZJ4nzeS97vs+sxUoJR6oRESBYJQnHM8gOZPljrmVkVe/ft3a86wfaP22B+j+AHr5nl4GexVkZOj3pFN9nenko5IDywp6ufVuvoAPMxo7BY76k8kxhCfCpcnd6bvab3FfKU4g+f8AZV+uM2HyrJ+j73II9waeOKWKF7k/QC95bj+7B5V483YbQPEBpalfHv8ARS+OfX7LJY2lQeRtZb3H2alO3T1+mcbz6hpNqMDEjeGVsWNj/TY7m9DgBVHoqgL8JJyGSW5k8UNqERMumgqA23czELWni7noP8yfAAnwnkIObpEsmRQjbMjg/De/uWo/RGLLvwZ9is/jIP5VbzE6EJHcD4aKKtpO52O+xum5z1x5KAAAPAASSnfwYljhtR8zqMzyzcmIiJcUCIiAIiIAiIgCIiAIiIAiIgCIiAIiIAmFxfiVemos1Fzba61LMfQeQ8T4Y9ZmzRflg4Vq9Xw806RO8zYrWKDhmROYCg8id2049IPUrdGr6njOj1O7W6nu1S07qxbtLqqqFVRjJ3eyTgect18S4UUYi992GKqH1KAnHIAnAGTicfZHpfZYrVsPquCrD4MMya0evVhgkfEiYZx5tnZw4FKNKVH0LoOx+l7pN3eO2xct31vtHaMtybx6y43YrS+HfD3X2/t7U5/8lHal01C8PZ99VgY1jOTUyjcVX7hAPLwPTridjmmMYSV0c7N8uGbi5fyajruwdTqVXUaivIxlXQnHoXUn98yPPYi+pcU21OAOSujVnl0G5Swx8Jv0TyWnxSVOJ5HVZou1I45bwzUaMPZqaLC30i6DejsfJkztHRRvAwB75FUfxG3bgwDbmZTlXuHIBT9ivoPXJ8J3crNe4v2Q01+WUdzYfr1gDJ++v0W+PP1mbJo+HsfL9mvF9Q5SyLhejRdKuF9/OXhK8Z4bfodosC3K7FVNXJzgFiTUx5AAdQx6jzEtaDiFZb2kuB8u4uz8AE5zmvT5Iva0dWOqxSjuTJPT0KoNjkAAZJPQAeJmx9mOHMT86tXDEYqQ8u7rP1iPttyz5DA88x/AdD87K3MMadcMqnGbXHQuoPsqpwdp5kjmBjnuQnV0un2K32cbWar5HtXRWViJsMAiIgCIiAIiIAiIgCIiAIiIAiIgCIiAIiIAlMSsQDA4pwXTalduoortH30DfpmavqPkn4Q7bvmpX0S21R+m7A+E3eIo9UmujWOznYLQaC3v9PSVs2ldzO7kA9cbicdJs8RAbb7EREHglDKxAPmrtt221F3E7LEdq1qZqa6yByRW9rep6lmXP6eUkOGfKaVAF1BOPrVN/wBLf6ztfF+ymi1ZJ1GlqsY9WKjd/iGD+80zifyKcPfnS91J8g29f0cE/vKZ4tzs2QzwUUmjm+r7aah7TclzUbvq0nYCPNyB7bfePwmRw3t/rqXDLq7HA6pbixT6Hd7Q+BEm9b8h2oH8nWVt5CxGX9SpP9JgUfIvxMsA1ukUeJD2MfgO7H9ZHZNdM1LPpqpx/g6x2E7YJxKpjt2W17RYmcj2s7XQ+KnB9xBm0zTPk87CDhYsY3G2y0IGbbtUBNxAUZJ5lj18hNzl6uuTmZNu57OhERPSAiIgCIiAIiIAiIgCIiAIiIAiIgCIiAIiIAiIgCIiAIiIAiIgCUMrEApERAErEQBERAEREAREQBERAEREAREQBERAP//Z"}}, {"model": "polls.actionimage", "pk": 47, "fields": {"url": "data:image/jpeg;base64,/9j/4AAQSkZJRgABAQAAAQABAAD/2wCEAAkGBxMSEhUSExMVFhUVFxcWGBUXFRUVFRcVFxUWFhUVFxUYHSggGBolHRUVITEhJSkrLi4uFyAzODMtNygtLisBCgoKDg0OGxAQGy0lICUtLS0tLS0tLS0tLS0tLS0tLS0tLS0tLS0tLS0tLS0tLS0tLS0tLS0tLS0tLS0tLS0tLf/AABEIAIEBhQMBEQACEQEDEQH/xAAbAAABBQEBAAAAAAAAAAAAAAAFAQIDBAYAB//EAEEQAAIBAgQDBgIHBQcEAwAAAAECEQADBBIhMQVBUQYTImFxgZGhFDJCUrHB0QcjcuHwFWKCkqLC8TNDstIWNHP/xAAaAQACAwEBAAAAAAAAAAAAAAABAgADBAUG/8QAMREAAgIBBAICAQIGAQQDAAAAAAECEQMEEiExE0EFUSIyYRRCcYGRsVKh0fDxBiMz/9oADAMBAAIRAxEAPwDdB61nlbHC5Uoljs9QFnZqlksUGpZLH1LI2Iai5FbGzRaIpEWKuhVJNI1QydmOxuJLMTVD7NUY8FBsWRQofYR3MQYqBUaKmfWiWUT2sTFChHAZiL80QxhRCdaND9CRRobbYjVKDRwFChWghhLFtl1IBoqJVJyTLlvh9nKfECeVGgbpATEWcpoF6dot8ItW2fxmBUSEnurgOcRxeGW3lUAnrRKoQlfJlLgE0DUR3HVRJIA6mAKlhUW+ivh+KYbN47oA6hXb/wAVNVvJEv8A4LUSX4xJzxPDEwl5SOpDJ/5AVPJFiS0WoiuY/wCOQ8nByyKykNm2III+IqwxOW11IrYnhxQgNUGhOyT+yWkADSoV+VDb3DGmFExvUodZFXJWWyZiKAW0JesldxUCnYitFQDRzNNQg63aJqBCPCeFm8YoqNlU5qI/FcDdWgLNTaBZU0VcVgGtgZhQoaM0y1wnDpcIVhTRSsScnE1mG4TbXYCrlBIyvK2XxTUJYoNK0NYual2h3DqAyOoUE6oQ6oFFWatKbOmjRBQahB6qaVsWyUCKV8kHTUBYxjTxBaOAothsZibWZSKRuwp0Y3iWGKEk7VRKNM2Y5Wgf9FJXMBpUplm5dCYPBG40ahR9Zo2HQdWPIedUZsqxr9zbpdNLNK/RFj7q3HLW1yrCgDyUQD8IHsKmGMox/LkOryQlP8FSRXy1cZ7EZagEyS3aJ2FQDkI1ujYdw76K0TFQKyDVw7HkaNj7kSjh9yJg0RfJErtbIoD0mMJJ3qWRKiBjFSyUcpqEHTUIZLjFm62IKasWPgHUHYAfH4VnyXZ29Lt8a2opd2VJUgggwQdwfSqZG+HQawfZbF3bIv27WZDMQy5iASCQsydQaVtLgLZSwOPvYZ5tu9tgdRtrzDIdJ9RTqTj0yvLgx5lU42EeJdqL19IfR9PGkrz105H0qx5W1Rgx/G48M90eV9M1vDeJvbthM73NBq0E+xAmPWavimkcLPjU5t0l/Q0PBJy5jud6dGLM6lRewuERmMgVYkmK5uiHj+CUgaRUlEfFN2DD2dYwV2pNg/mXsIYXs0FMtqIo7BHnsdZ4WoaI0qUgvK6DuFwq2xCimRmc2+ycgVBbB/EeFrdiTtUasshk2nYfhltNhTRSBLJJlunEFmoQSahLOmgFM7NQoazs9SiWPFwUriMpDwRS0WRZUg1ZZQ2OCdaDkkCyVFFLusFj5qEEmoSzpoqgCUbINS7J0oUEkqAKmNwK3BrQa+xozcSr9DS0pWJJmF5n+XnSSnDHG5M0YMWXUTqCsC8Rx1u1mCbHKwUaf9tQT8QZPUGvOxyPKue7dntMMFijSALcWWSzIobeRsfIzpPmfltWrHlnDp2VZtLiy/qX+B6XlvXFRBqxA+sh99D+VasOplkltaRzNVoYYMTmm+Ape7OsBM1uUDjR1CbCHDuGC2vi5injCirJmtlE8LBYz1oOA3n4COIsIlrzo0qBGTbGcOvKF+qDRUUyTk7LvfBtIGtNQluwbx3hIC51qqSNuDLfBl8oBqs2UVr661CNDbQqAoU1CFrhHDDiLwCkqwBAZVUsAd4zAgaA8qpzX0kb9F7d8GqxnBLT3LaPh0dVR81x0XMGGUKCd5MsfaufukmdqKjsuyXA2RhyUTDC3aLaNbYMPJnQgFfbNE66a0XUubK7fRl/2ocGU2hilADqwRz95G0UnqQYE9CfKmxt9Do81q0Y9C7EpmsW88SzMASCfDmIXQb8/lVzy7IHBzaPz6iXNRX+zZYW2ZK6bkAjnlidPf5GrsOdT4OXrvj5adbrtFvDJlYljA6kwPjWi6MFWuBOJ3UZQEdGM7BlJ+RoOSHx45p8phLCjwj0o2US/UyU1BQcR+8oFv8AKEM1PRUMLU1AEzUaJYk1KJYhNQImaoQ7PUIdnqBEz0CHZ6gRM1Qgy45qBstiqysE8QxRmAaqlyWxjxyV7ePI50u1+guFk54oaK3AWMp43jq2B3l1oXkNyT0A5mg5FuLTyyy2wQE/+WY7F5vodi3btrobl4szExMKq6TBB51Xk1agdfB8KnzN3/ol4Lx/Ey1vFZCZGW4ggGdIZDqBP2tPlNWYtTGTplGs+K8a34/XaNXg2YCtdHFZcNyptFsrvi+S6nmTsvr1Pl+G9Z9RnjiXHZ0ND8fk1Lv+X7BHEMaEBM+rHc+X8tq4mXLLJK2eu0+mx6eG2C4Mlh+H3MbeIVioALEy2VQToBB0JI25wTVun0zm6jx+5l1+sjp4qUu36NEvZuxatqjDOw3clgSSZ66Dl7V1PBjjGqt/Z5yXyOolNtSaX0R4Lhlq1czosMAYlmaJ3IzEwaWOKKfCDm1ebLDbOQRxGNMRVlNGWMOSZcboNKbdIVw5IWedaVthSR10BxFKpNBjwyLB4bUitEeiZGW7WG1p6KrI+NNCZZ3qrKzdoY7nZkL9vWqTptFS/UAx9q3pNQiRE9QDQZ7L4ZnGIQMbfeWTbF0KGyMSNcp+sNwRVOTJGL5N2lxzadI12HthUVASQiqoLfWIVQoJ8zE1gk1KR1YpqI3GWMV9MELbGBWyxLArne4QMoOubMGEyIBDEGa1zhHaZYSd/wBzNftNxAXBFedy4ij/AAnvD/4Vlxdm32eXcO4dcxDi3bGpiTyUTEmrJTWOLnLpAm/SPZuFcFa0ohIyoFQbkQIkjqY+Zrkw+YxZp1J19FOHTvHF+/ZS7ZcSv4bCriMOoJYw7xPdCInKdPrEjXSYmZrrY3GErvvoTPhWeOyXR5Ji8VcvNnvO1xjrLsWj0B0HtTSm2+y7Dgx41+MUiHIOgpbL+zXdmb/FUtm/hlu3LK7q3jRhzyIxzEfwVbDJOJg1Gh0+ZVKKT+12ekdlO0tvHWiyjLcTS5bJnKeRB5qYOtbsc1NHk9dop6WdPp9MvyO8OtOkZn+ktG5ViRTYwtRoliTUIIzxUboiIhiV61T5uR9rHhxTrJFg5Ee4BRc0iJMVWBqKSkToUmmJZA2JAqBEtXcxqBofdNQAy7jtKXaRR5AGJxBkkmq2jTGKorNi6iQygRX8Y8eAqD1ZSwj0BFBoaMI/zcmXuIcTcRGaQ90DoAty5rAkx9bz+QrJN1bPS6fBHHBJdm9tWe7uQAzNs0A5VXlCA5UXaBBJAknWudN7jZHhg7i+FBfvMpgzIg8hqfWBy6akbUYN1QJpewtwXihJFp9ZnK3PQEweugOvlXT0mpcnsl2eZ+U+Ojjj5cfXtF5mLEw0Jzbr5L+vwnk2p1ax/jHsHx/xTy1ky9fXtlLHY9UXoo+f5muLKTm7PUxhHGqRk8bjHxDi2gJJPhUbnzPQfhVmHE5OkV588ccXOXSNxwPhow1rKNWOrt1b9BsP5138OFYobf8AJ4jWauWoyuXr0v2IMdeJNFoSC4KRueKlouS4H3rciRQbHxxHJtNRcglDkhONg0HERwHJiJNRxI4lrCYkCaEbQs4l23dVRmYgAakkwAPMmr1Li2U7G3SVmZ4/2twh8KuXI5qpK/5jAPtWbLnx2dzQ/HamPMlQEtcStXT4W16HQ/Oq4zizdk084doTFDWnM7LdmwzwqjcxqQBPqarlljFmjHppzVoq43Dtbcowgj3GokEHmIIpoyU1aKcmNwe1h7srjlVHVtCoLbEkqJJgDU6Tp5Vjzwe6zqaPIpQoP4XH27kd04uCM2ZZKgHbUjc9N6olBx7Nl+izS2/sNL6B/FMHZuFTdtrcKTlVvEJaPsbE6bnbWirQNyvgi4PwS1YLsttULtmyrsvKB/LTUxUk9yphSDHek+HTXc+X8/1rDpfg8Us/k5pO69HN+V+Q8GLYv1P/AKGF4Zjvp7Yzht0934mFogndLhylhOolUkeddOWmSy+Rttrr6Ro0034ot+0jBWuD32vnDi2e9VirLyUg5dW2Annz5TTbTZuSVs9L7M/s1CEXLuS8wgwVZ7XsgIzDzY/4eZZIplkNviReBtC0LYUNFwGRCRtbjYzSS3FkXGnu/sZ3GcFNjHLi0VUW6Gt3Qk5WJBZHKnZpWDEgzOmtatO6mcf5eO7TP9mi3EXM010K5PL3caL2amKDpqEIu+1g1AlfH4gARNVzHguQV3tUbS+hVxZ61HAmwUXidzStEqi1hcTlME0Itp2LKIRFwRNa4y3FFFO6uamHJbVqBUBY2/iQI96hCgUJEVKHTpgzEYN5pHE0RmhtnAkmkse3XBM/DiKPYrlTB2G7O+NmzsoUB1ygMwIO8E6gGNBr4hWLU3Dr2eg+P1Hlg4vtGytlXQkbPMkaE8jqNtormN0zp9oynHcDi10XEN3U6L+5thgNQl1gFZhpzJmKvWdbaYY4sdW27I+H3wb1v7ssT1+odPnr8OtIpPHbRVLHHJxJcBbiXFQo8uQ69Ko5kXJKKMriMS99woEsxhVHny/nVsINvauynLljCLlLpG84FwZMMnI3CPG/M/3R0UV3sGFY40eK1utnqclvr0i3jL0CBVxligFiXM0rNMUitlJNIyy0SuWSAdzsvP8AlVOXJGPZs0umnmf49F5MISIZiPT9TWX+Ll6R2V8RB/rk/wCxWvcNI1Uz5HQ/Gnhq/wDkijP8O0rxyKgcjStqaas4coOMql2T4LEgGDS0JkjYJ49YucQWLblUt3MoQ+FHiQ1xtJOoleXxkcfV/I7cmx9HrPh/iVDEssv1P/RhrmEcXTZAzOGKQvilgYhY31FSMk42dFpp0zep+zQmwrG9kvxmYGDaB3CyNRA0La+lJ5eSOP2BbTOCbd0RctnK2oIPMMCNCCIM10sU90bOJqsShPjo1PAbBMvlBFvKJMnUnkPvQaw6mccbdujfpnuhZW7aYZluLcKwrKFB/vAsYI5aH5eVDQa3FmcoQfKM+vxyUlKuClwLg9243eAm2FP1tjPQA1pzZotcci6XTTvd0bRUuqADlaec5T7jWuTh1eLNNxjdruzqU12PYMRyU9frR8YrTwQjwmCW3JBZmMkszFmJO++3LQQNKLk2Kopc+yS7djQCT8h6/pV2HTvI+ejDrfkMenTS5ZGjQNZmuxDGoRpHjs+eeWbnN8mBxfDDa4qt8NkS7mdTMTdy+K2fX61Y9Rj2yPT/ABmpU8Ox9x/0bjEqjFMQEA7wqLsDd0AHi6+EaelZkdR2T4ns53mKw961jO5tWWR3sKs5mR3bMrDbMLhVuoA3gRZF0uRcmOav8WabG3AXYjb+WppJVfAcaajyZe7gyttLd7EHE3BddxcdQhtqyAC0ACdPCSfPkJrTiaTs5vyWDKsN1SsgwdwN42bLmzd2NY8G5O45gxvG3mn8ZvlcejPj+JxxwN5O6uwjmrpWeaaaIsTiQilm0A51LDCDnKkgMnF7d1oVtdfLbca86jNEtNkgraGYy71quRIIHNiDSF6iRG41ENITO3Wgw0ghg0aJpGkBwsJYdm2maMErM2RUEbAga1fRRZIz6VKJYMxmGzR7/lTUSyNHjfagP2Ov4hdhrSyki7HimR4fSs7N0VSLbDPA5UVIrnj9j8XbQIQdo33+H4e9PkUJwakZsPlhlTj3/v8AYr8O4d3SnxFZLNkU5VXMc0Zdddf+d64c5RSUY9L2z2GHHNXKb5fr0v6FfFoeVy5HmxI+Cx+NUOZpUQXjLPgEOUdXEKqAWykak6zOrCNudK5S3fsRp2DOJ2867mRqCOo8vlTQdMMlYZ7AYO2Q95iDcByAfcBE5vVvyI610tNS/JHC+TcpVjfX+zXsnnW5Z2cOWlj6K7oa0xlfJjlFxdELYcHcUW0FNid0qAtGwJ+GtZ5yNmHG20gDw+4XvZm31PyrmTk27Z7LT4o44qKCl/GojBCWLGPCiPcIBMBmCA5RodTA0NVqJocuaJrpIBIGY9JAn3OlSrdBf7FfKHPiQq2xDRMjYypIOk/DlW/Ry7izznzmJJRzR49Mgx1hFAAGp+EfGrtRlWNL9zm/H6aepk3dJGX4V2gt27Qa/Gdrj22RTLKoBklJ1BKr8a83m005ScYdd8/9z3+HOowW7sn7BJYzYrFtNsITlUZRktsST420XdVkEHeDqZ3xxZJpRXLMObNCNtnpdm8HthlEgqCA3MEAiesggz51RLE4T2yGWRShuieddrrF0YlXuBQz21GVDmWVuXAADAkwV9zXSxKELUXwjl6hzm47lyGsYv0S3Ytj/qOS7GdARBUeYnT2rkajRx1UpZOmbYy8MYwCWMQYm1DQVYf5euX+8Ov/ABSaLRw0n6O/b+y6aWRUxOFKMkqIUk5R0UaD3OpPrWtpIiouUKS6GOqEFtwT5D8egq/HivlnN1mr2fhDv2yUsvQVqTo4ripcsQqpp1lkip4Is86/a2oW1YWPrXGPsqaj/UPhRzZN0UbficLhlm/VDv2XYq4bN21d/wDr5gqtOqORO3QEg/4vhQotq0djJnhjyrFJ8vk3XDQgIzlgye6mOYYcqvnizJfp7Og9VJw2tD8RbvvfVkxCdzIJAC5o+0n1SGnqSIBOk61i2uypSgouxcVgC7+JQluSzHNJPl5Ez8JHOr1ke2kZM8smVryP8EZ7tcsWiyAoFdWABI0PgMjlOYsR1NPptNijk3tLc/ZzMmreTI4r9Ib4Xj1u2lucyPEOjDRh8a0SUoyo52TCk3wZjtzxFmZbCL4AMzvAMFpyoCdtBOmutXYYuXZfpsMV+VGX0ECD8CR7mtXBs9F3C41kiZK81/ToaEoJmfLp4zXHZrLHDVdQ6mQwBHodao2HGnllGTixyYNZiNqTiw7nVoiuYJdqDaLYJk+GwwAqpsvXBKuGIMqaCdFc8akggp01rVCSaOfKDizpp3SFSbKmJvgRS+RIvWBtAe/icx8qzuTZtxYoodbcUvJfSLVu55VCDnvQJpWyJE/D7LORcfYaop6/fP5fHpWHUZr/ABidXR6RRfkkufRPiLk6cqwSZ1UijfpBgXijURAJisZMhFLdTBirFH7Ecvom7KcTWxcbPIDhQDyBBP1um+9bcEkuDma7DKcU4+jcjGjrWzacYS7iZGhqyDaMueCfJSXHxVlMyx4LLNnU+YI+IpJI24nTTM5h7mRwTyOv4GufJUewxyUkpGqEpYd7FhL11nEqzBfCV0eSRpOUEjUD0owpomS937UOsXVS6Duob+LQHQ+fI+dImlIsknKBUxmKcANedbjjMS6IUUyxyKAdZCkCTvFasM0puV+jjfK4ZzxRhCPbKdw/uy50Z5idwIMD4fjVGWUsrbRqwYlo9OlVv3+5hu23ZtrbtfXyZ12M6+MdRtPrPOkw7nDl20XSybMig1w+maL9lONXu7ltohn2MEaqsSDyMMKrnJxlcWaXGMuGb3iWPSyuZ56CBzAJjoNAfhVX5ZHbLIY0vxiZviGHa/xBbhK9xhkGczs4m4Z6RKg+lPjybYuHtmacFOe//iAeNcQN+61wyBsg5hQfD78/U10MWNQhtOdlyuc9xZwHGwqFSVEg6ExBOhK+XlWeeJ3wbIaiLjyw12fvZ7Wh0B09N/xmqZqmaIO1aCgpRyDH4oWrb3W2RS3rGw9zA96MVboWctsXL6AXDe0CG2JbXn68zXR2Vwebnbk2/ZZHHLZ+0KmwSi1b4iCNKmwFnn/7T8cXuWLfJVZ/OSY/2/OqsnCOr8bDhyNHwSz3GDW2BByS38bjWfcx7Vq08KaTOJlyvPrbv+bj+iNJZEKB0A/Cu/S2nqjz39l2TvcRmAPhWFIBmHaT7SPjXmY/rZg+TbUItHo1jJIhFB65RNWJI4zySqmx/EsGL1p7Z+2pWehIgGnXDsWMqaZiOy3Eu7LW3OXWCCYi4uhHy+VasiTSka88N1SSDV3BXLlq4pbW6VIk+HKpUhskaNpEzsa5sNTHHks6mPTvxqPRWxeGazgntvDSVIVVnI2YFrhfpAjb7R5VpwZ1kzXfH0LkxuONKgbwrgZvJnzhdSAImSN56VZn1qxT2VYuPA5K7NRgvAioNlUD5Urk5co85qIqUn9jMrFjQK4NRXJFdbKYpqL1IdbxFShrJ0xQB1j40riMmyVsWOo+NSKa6KcnPFEbYkRVlskYJIG47EDTXr+VSi2LK+IPlVCK9O23yOsHnRNhMMVBiP66VHSVsMY7nSC1rDjQ3N98m4H8XU/L13rm5tTfC6Ozp9Eo/lLslvXp8hWNts6CVAvEcQAOVAXY7Bdf6FGML7F3CAPHj3/onblyHPSll2MgbibGf6233f8A26+n41LolWQOkaDahYaQDx1nK3kdaui+CqSND2WxedDbbdNj/dPL2/Sulp8m6NM4muwqE9y6YQxXlWuLRxM12QC2abcipQCyXQEAmq93JthilRn8SpzEnmTrWPJB22eh0uWGxQ6Yc4XcDW1A3UQR0rO7OlF2h2IxgRgrJcM6gpbZxHOSugMxvG484KjaI216JLgBXxbbtO2mutBEfXJmuMcT7wwv1RMdTPM1qxQUVyczPleR8dIscQx+Ax1q3Yxd9rN1FAmcgPKcxBVhpMHY1llGeOT29GyDjkim+0SW+x7Zzdw2IRgxE5SNQFIDCNJ122rPGcoJ7o3XQZ43L9LNbhsPdNuDcViPv2wxEHwkwQJjXbeqoZFJWlyX1JezIdoMeEt/RbRkk5r1ydXcmYJHMnU+w61u0ilJeTIv7GDUSpbIf3M409a3bjF42MuLUtA2M0nYnEwWtH1H4/r8ayZ1zZ0NJL8aZrazmwzHb68e4S2P+48n+FBMfEr8K0adJysx6xvZSMCLLCtu45fjYott1qbieNmj7P8AFMgy3KllcsT9Gfx8YjiRIcZQya8gqAEr8QfjVL5mdGN49K+OTbPiVyEBhrH4itmOS3o4Gm0845otmjTYe1dx9Hq/R5l2MxaWsdeQLCuXVSTquVs0e8H4CvMXWRow66Dnp0/o9GXFrIgg1cjhSTRb+m+VPQlmQ43wMNme0IclmI5PmYsR6yTB9qthKuH0asOop0+h/B+0BNsK7opUhe77hmuab5XVhv0YGKwz0srqKs7kM2NwUm+S3ieO2nm14lzAqWYQFnQ6dfXaji0WSMlKXor1GqqH4K2WcFhxZXKmYA6nWZPXy9qvyQjOW6XZxlrssU4p9lXi/Fu6hFEuRoOQG0n8hzq6ME/6GbFgeVuUnx9lG39NPizR5Egf6Yinbx0Wt6ZcUEnDGJGsCek86rtGdNejN9rcZcy9zbYqTq7CZA5LI1XkSekdaz5sqjwdLQ6dT/Ngnh3Ztrgk3ifMqGBPuZj3rBLPz0deOnQ7+ybtn96JKo0NEqya6Z13CnkwJB608cn0U5MHHKs22Gv6BTrOx/I+fn/R14c+7hnKz6dR5iDOLOZGnX8q02ZUau5g7bbiuQskwRaj0cMHbHKm8kxvIdYwyglwPq6L67FvxHsapy5ZNUzufHYPx8kvfQ2/dCgseX9RWbtnWfAHwOHa+zZ3IUdNdTrlEmBAjlzFaYwVHK1uteBqMe2GOG4dEXwDcsC25MOwEn22qqfZr00nPGpS7IMTuapfZrRRvLQCVLi1EAD8WT6p9asxsSZY7HR9Jg7FG/FTWrE2nwcr5TjCn+5uMidKu3SPOt2LkToKm6RLoy/aNijeE08W/Z2NHPdEHYTC372wIX7x2qPIkdKGCUjQ4PhCoNWYt1BI+EVncrN0Me1F1bMc2PSWMVVLduW2q9jpJIynHeNNcJtpKoDB5FiDz6CeX9DZjxrtmHNmbe1AXvDVpmAvHbJkXPLKfyqua9mnBL0T9n2ZFZlJWToVJB06Eef4UYxT5aFzTalSL9viN66D3l2438TseQ5TXoNPp8UV+MV/gyTySfbOBI02/wCK5+u//X+wY9HG4axjcjWc1CUXOCu4uZlOo0HrIPw0FY9Xl2/ijdocO+5M3FnizEaqvrr8YrnPUtejrR0ifNmf7ZXWe2jn7DEQNoYfqorTodQ5ZHFmP5LTKOJSj9mS709a6pxDu9PWoQQ3jUIUcBYKsXOhMx11pIx/K2acuVOChEMcNuk3U1+0D5aax8quxxUpUynH+tHqHD8fNtDkQGInLrppPPoK2Y8eOXEps67wZKXHZjuMdjW744jDMJYktbbTU7lG2HofjUyaG/zxPgy5YPa4EPAbdwX8l0MhHJpH/I8xWKcZQdSOLq1shyjeKo8qTccPk7KPKpuJyBcPaRrr3goDE5Z5wuknzP5CulgVRO3p4OONJszGLz3rrsil9SfDqco0Bjny0HWrJzjHmRbKcY/qCvBO0SohS6CQoOUgSdPsEb+QrNlw7uYezHqNK5PdB/1LXZzDd4zYq7Bdj4RuF5fLYek86qzS2JQiU6mexLFD0We0nEnw6LdtoGAbxjKT4YPTYTz9KyybSK9Hihlk4zdccf1GcH46uIunLogtyRofHmEnMOUEdPSljO2W6nSPTwTbttmOxi99fa4TqzdBIUnQDnt51nlO2eh0+Px44xDmDseDIswPDIWJA6LcEfGRWa+bNQTxEWcHfuvqEtXYJVVaWWMpy+EyY20Mifq08PymkhZcRdgHsvxLv7OVj+8twCeZH2HHnp8RNaskdkrRzpRT4fs11sLcRWZRJHt6jypnOSOBkTjJpBH6PVfB0P4ZEd1AIEgFjALTEwTyBJ0B0FJkmoxbqx8ejU5UR4u6ttJzKUWAWUzB28QgEfPeuWtXGeTxtNP9+j0EIKMf2BiW3xLaSttTvHPy6t8h8jvx40uzLqdTsVLsl42ww+HOQZSfAvWWkkz1gEz1rVCmzjxxeSdyK/ZfiatbWyYDoIA+8u8jzHMe/pRnxNS3Lo7uGa20X8UutY32al0U7goBK9xKhAHxg6gdNfj/AMVbjRXNg7szfL4+0qagC5Pn4DPtoK3Y4bYWzk/IfnjcUel9waNnD8Ehly2wGgqWTwyAVzDm9eytELq36UJSo7vxunajcifinE+6GRB4h1HhUb+5pIxvlnTyZdvEQXwrHXHxCl3J3ETA1gaKNOdWTilErxTcp8mqrOazE9orOS+/Roce+/zDVqxu4nPzRqQLNWFVEd62GBU7HSoRcDUQKABoAKK7A+eWHuE8Psm2CcSi67d25PLyrr49Rmiklib/ALoTxwf89HcX4fYW2blu61xgVU+DIonNyOp23rkazPqHqYrJBRTT/rwXxxw2Np2A6JXQwnlQbSVskYtukaDhWEyrPXwj1P1j8Jrg6jK5yZ6PTYljgkFre5/ij/SP0rMzWiLiWG7y06cyNP4hqvzAp8GTx5FIq1OPyY3EwoFelv2eT21wdlqWChClSyUcUogos8LX96nqfkCaaN3wX6ZLyKz0jhX/AEl9/wATRR6jH+lFu2a7GjaeOkczVxkslsrY1FKkuNgTPMEDdTXP1EcluU0WZI6eencZV0CbWLaNTrWM8C8avgf9ObrUB4yBLp+j3jzGb56V08LuCOvj/QipwO53akjdj8h/RrJqpXKvox6puUqKnaO8rEQoDwWZho0AQAevPf7tTT3y74H0qkrb6LPZzGMisDzg++s/lU1VWvsXWRTkmGkx5PKsjMWxAPiZOGuribahVPhuAaLJOhIG0zHqBVb4do6Wnks8Him+fQIs8QFo99bCnKdAyJcEExDKwIOhH41V1I7WGO5KL76DvAeKX8TL3reHQKAF7m0LeYnVs0aGNNuppNRJOqNHi8b7NRisClyyLb21u7MbbGFnUgsOY02PMe4ojJxdgkrRn17O2rOKL2yqJ3eV0UEAuWnQEnL4Quk/a0ia1wk5x5OP8jnWJ7Y9sNPeGmtGVnEVBR8YQYAGgBJY5QASQNdTyPKklJI9Hjx71ZVfGBpbOhI08JlVHSepO/oOlZ8kn0jdhxKIB7QXhcRkQ6katyPRfMUixpu2h5vhpGp4dbKWraAiFRRMROg1jz3rWctvmwH27nubf/6f7Gq3D+oMezEzGuxGoOxHmK0tX2OnXQTt9qXQBbg7yOf1XA8zs3yrLk0ql+k0Q1DXZP8A/KbBGouA9MoP4Gsr0mT1RctRAo4ntYkeBGPmYH508dHL2K9RH0jL8V4ncuTyB3jc+p/KtWPBGPZRPK30XOzfeWHF9TlaCFBAIyneQesVXmy+kSOBSXJ6l2e49bxKwRluruvIj7y+Xly+dVJtmfJhUGEsVfVVJim5KJKJi8fiyO8ABAuEEnmI3HvTqNkWtnCGxIF4nGl4B5ALPkNp61ZFUH+MlJ/kVsNxYWrygoWAgkgwev5CtOPSPNG7LVr443dGmTtXYO/eDyyz+BpZfG5l1RpXymD3f+AVxS/9KPeW0cqgyFivOS2wJjQ0k8EsD2zfJPPHUXKC4QJKULFEK0Qkd7artPHdkSEnwgjYslUWQQCJBjQ7zB58/hXoYNVSMrL+DsZ7WIHLu83+JTnX5K1cD57Jslha73P/AA+DXpI2pr9jPgVnGokw1vxA9AT+X51m1cmocGrRwTyc+jWJbgqvJV+eg/8AauG3ds9AlVIW19r+L8hQfoi9k1KOYvjeF7u80fVbxD0O49jI9q7+jy78Sv0eZ12Hx5mvT5KINazHaHCoHgWKhLRe4Qv7yegJ/wBv+6rcM1GVsu00fJOl9G/wSRbQH7o57TWzFPC5U49nalDLHGvy6LRIUSdK6cIRxqkc+U5S5kZ/tHj2YC1b5kM58gZC+519h1rn6/PS2I52tzUtiK1lzGtcjccof3g6VNwWkQ3X/dXx/D8yK6WldwNON/iiLDX1S0C235ydB1NY8tyytIomrmDxYe9nYKSW5DZVETr5AR6mrZThjag/7mqGJ1wgzw+0qqARrufU71my5d0mzFkqTsIriEUaLSbkUOKAPbHCXcTZVLS7NmZZgsADAHLczQckWaacYSdmX4GxS7kYMuozCCGWOcb+3nVM1aOxiyKP9D0Lh94DVATH2iJI8wk6+uvpVaxX2Nm1rS/+tFsMSc4diTpmDcummgHlFPUVxRyHq9QpOW7kRbQ6f1zJ6mmUq6Mslve6XLI71gab1HlZFjQcxkOsCJ89NOYncVVXHB6ONJ9ATimFi1ndpYFYVSQiCfn6n4UFCkXeTdKvQOwVvPcQZDyLTqCofxEjkIIEUUSTpOzQ8U43Yw4BuvBOygEsY6AfiasSb6M+yzH8V7SXMZ+7sWGKKc7MdWAAPnlQwToSSeVWLbDlssWH6NBZ7NWFQBwS0eJszDXnABiPas0tRK3RdHDGuTNca7MsoZ7bZ1GpVtHA8iNG+R9atxatN1IWena5iZcjl/X/ADWwzEIXSoQJ9muDfSbpJH7u0JbozH6qfiTWfUZNsKXZbhhulZoMdwzmnw/Suep/ZtceOATbuPbcMsqymR6/p5edWRdFc4qSpno/DH+kWVuqYzbjeGGjD41d5EYJYqZJe4QWGuX4VPKhHhspjszH3f69qPmQv8PQNwXBbLl3e2rSSoMawNJB3G3KrFqMkP0s34tHicPzjZnLnZ+8197Vq27KGgOQQmXcS58Og0PmDXbjrsaxKUnz9HCyaWSyuC6NZwHCmzbNsrBUmTIOZvtHTToN+VcTU5nmyb2eh0eKOLEoopY/s3duXGdMoVjoJjkAT8ZpFlSVHP1MZ+V7WNHZG71X40fMivbl+wFxbhxS+tgeJtJC6mW2EdYj411vj42nkf8AYNzqmw72hwt+13dq82ZVU93A0CzH1iN9ASJ00rpaeUJW4gdla3hmbDkLM3LgXT7qoc3t4zNcrXOOXVOL/khf92+P9FyuOG122Rr2Xu9RXN8yKF5SLE8IawQWM5pHwis2pnuidP43dve4ND6x9B/urkej0nsan1mHofiI/Ki+kRdskFKwoHcb4eLqD7ymR6H6w/A+1bNHn8c69M53yemeXDce0Bf7Eauz5DyT8g4cHbpR3ivyC/2U1TcC5lnh+CKsRGpgfEn9BWrT4Xl5R1PjZbHKUjYXbwTTQkbAfn0rpYNN45W+TrZ9T5I7UBuK8ZtWle5euqMg+qCC5JMBUSdT6wNDJ0oZtXGHHbMLlEGWMaLtvv8AvcMguRktHEKb5kDKDbiAxHKZ256Vx82R5JuRz9RglK5pkhLdKqOd+X0Me8QCSNBrUqxlFsrWMWXt3BlYs5WNoW2Nue8j511IbcEFuZpitqKeXKwzLryDA6+nX2ozcJxbg6Y8XzcVyae0DZsGRD3NAsbJzGnlPuRXFfMuzTlm4Yee2UfpDfdNPtOPTJ7WLI+zQcQbZfRN/aDfdobCeOX0Znh2HuYi890KzF2JEQfCJywJnYfKlk0vZ0lgnsVIMHD3rd6bZ8MKHR8wg5R4lESp6jT5zVlopk3DhoK4XEN9XKS2pIka66uCTsTy5HyIip0nyDJg8y3Y1/VEmHxTMSAp09PPp6UdqMmTDlh2ie4W08JpHECjL6NAcQPuj50lfudze/oY1xTyHzo7QbiO1btrOVVWd4AE+sb0eUDdZnu1vZr6UVuW3Cuq5YacrCSRqNjqetPjyOPZZGaRB2ZwF+yO4u5MqtmGUzMy5B06hf8AP5VXm2uW5dmnHLcg9iXnSs0mWxQK4vdhQvNvwGv6Uca5JJmXxHALl+5+5A2liTCg7AnnrrsDtW7Fm2x5MeWFvgJ4XsAI/eXztsi7f4m/So9V9IVYv3L/AArCrgpw7fVJLrdP2pgHP0I0HT8TROTm7NGP8VRYxuHg+RrO0Xp2A+I4LN68v0oxlQJRsIdhMQR3ts6CVceuqt+C1du4MuXHufBrO98/nU8iKfBL7KfE8UQoVT4nOUHpO5+FPFpjQwS3ckdq1GVBoNvQAan1/UVG67N2RuMOC1ib/doWAnKNAP62oKS6Od4pPsoYFpRTO+pPmTLH4mmZ0P04/wAQopgQOVLuRzXjk3ZBxDGm2hI1YzlB2J8/KlllhDmQ0cU2zGWuHXsU7Xe4CHZiW+u0b66beXOuxj+X0OmqMp2vXBP4XLPlIL4bgTuTcxLFRG2YTAEatsoAArHrP/kkI1j0Udzfuv8A02XYtC/1ZXQmK4klkomHyuAlxZPiIa5pIPX09Kv+N02oyrLn1i2ylX7cIrzygtsMTui8MYYrC1G+Cr8gXx+/nQeTfkf5VVmj+Js0Un5aJEM69QD+NclnpEIwhgeoj8x+dFdUR8MdShHVAlW6uX05fpXX0uffGn2jzeu0njnuXTGZq1bjB4xM1DcTxsiw+HdrpfK2VfEWCkgBQOY+NdfSZIRhy6NGKNIsvekQNB8/5VXqPkL/ABx/5BObfESFlU7gH2rm7zP42KqgbAD0FHcgbJDxQ3IHjl9DrnDmuKVKGCIPI/Oosqi7LFgn9FDBcNv2mIZJSJz6bAc9d61Zc+PLG/5gPDL2i1eUkeH6w8S6TDDbT5e9ZlNeyRg4u0Lgg7g966i6SfCQVEACAD+UCpOUE/wXBZLFKfLZM2GZTBBHzHy0NLvTKnhkuxMRh20GVj5qPx0o7kLtM32wx/cWci51uXZUTpCfbI08wPenhyx1ADcL49iLMC3ciBpKo3KNMwNGWGEuWjQptGp7K8Ve5eIuOWN0aFjPiWdByAidBpoKEoqK4Ksqb5NBiOEhmYmSTprsv8On9Sepqm0VqTRf4XhRbAEaxqYifOKFgfIQNKyRRGXH3qSv2NP9xJHWp/Yh2nWh+RFR0Dqan5DfiUkUi6zA6CRHmbaGf9IHuaRv7NGNKuBzVUXGfxl7O5I15KOvSPU/jV0VSKpM0PDcELaQT4jq0denoNqjkylxUi53fmfjQ3kWNfuRYnBJcGVh6HmD1BoeRjKAK/sm7bBFtwy8lPI8tDp8CKLkmOrRBewr7FGnyViPlP41W4lm5F3gXC+6z3G0a5Hh+6B+ZP5UzfFFb5C8UoKBnEG/fICDlVS08sx8/QVdj6Gj2WMI4kgc/wAj+Gv9TQyIafJbqoQrXMGp1Xwk7xsfUfnvTrI0FOixbWABM+dK+QA/iuCa4QVOwiNvcf1yFU5YOdDJ0JgXZRkZ1tgbCBJ85Jiudn08ou2rLoZE+LLl+5bA/eMGHQgH/SKpxRzOV400x5SjX5FS1jMMpzKgB6i2AfY1uni1047JSbX05Mp34U7S/wCgIYk7V1YrakjI+StirJynP4QBJLaAAazrTcS4DC4yTQGwXbCwPCwcAaB8sggbGJkfCsmTRS7TO5izvatyD9jFpcti4rSjbNqNZiPIzyrO8GReizz4/bJlYHQGT5TS+Kf0T+Ixf8kUuO8VXCIr3FY5iVERqQJ5nSrcWlnN/RXLVw/l5MViu12Jf6pVFP2QqmP8TAn4RXQx4IY+inI/KvyDvZvjBxAZXAzpGoEBgeccjTy46OdnwKD46DwUUtlHAOw+DwgX94vEWuE+MrdZRqdWWGCx5VpUlXoi2lqxooHi0A+tBbb7RGk9YrO+yDpoAOzUaIJPWfhUJdEtq/H2rnQwfzP5VKZN/wDUkt2kcx456tDfM60KYdyL1rAqN5PxpfyYN0RXwluQ0NpyiZ6TNRbug74kTYlQIUsByBH4E9OU/GmUX7I8qqiG3j7hMQT7CafYijeDe03C3xa21azqGPjykEDKdJEkAmOXKjFuHKY0WvaBrfs9ueFlugMJkMNDI6rtqPOrFm+wN/RLgeANhrqd7cAiHUrJBZWEiTBmI05zQnltcIeKUlTYWu8JxF26123ibyBjJUyqAQAAiTI25+dIpfaJcI8VZocOrIqpmLEDVjuY5mkkzNNvdSHPePKT6Urkgb/pF44VPvD51Xuf0aPGv+Q04ZPvj51NzJ4/3GnDp98fP9KNsHi/cT6On3x8/wBKlv6J4/3KeLRbZLZgVO5E6EczpsRGv92lknI04Wo8NgnFY3vfBZl53K6j0nYe9CMH7LZ5Ei3w3hmQ53+tyA1C+/M/151dSMspuXQSnzNLUQXMWT1PzqVEO6YmvU/17UNsQXMTxfe/D9Km2JN0zpb734VNkSeSf/iFBbr8hQ8aCskzszdR8KmxDeR/aFDnqKmxB8jOznqP696HjJ5Gd3h8qmxE8jO7w+XxqeMnkZ3e+Xz/AJUfF+4PMJ33kPj/ACqeP9yedDHKtuoPwqbH9g8yGlE5oPy+FHY/snmiNe1bO6fMfrU2v7J5oFfF2Y1tiD5H8qKj9sDyx9Ge4zYe/ae0cwzRrvsQdp1BjarYxS5JHOk7MqeyNwf9wf5SPzqzg2fx8fosYDshfV1uATlYERlAMGd5n5VLRXk1u5NJGssYS7sywfcr8aV0YrZLjezyYi33d8MNZBRtVMROsjmaW66RZDJtfYBb9nKg+HENl6G2J/zZo+VNvs1LW0i/wzswMP8AUks2hZiNp8tBSORRl1W90y+cIdhJPsF9iaUq88Ps58IwEx7UUHyxI/o7xOU/L8KnH2L/ABESfA4dXGs/CCD6zQYVngyyuBtj7Ujzj8jS8j+WBHfwIJ8LCOlHoDyxRPawy7Oc3+GPmKRsH8TjJe6tjQLPr+poplUtVG6iTLdA0H4fyo8BWov2d346n4fyo8E86fsilenxE/jQboWeakOt3YpVJlGPNTY84k8po7mWPUO+EKMQec0dzIs/3Z30jyPyo7mP5lQw3zv/AFFJuZneWV2hpunXz09qlsRznbo7vD5+xipbGjOlXJZNOjoCCoA5aJDjUAhRQQV2KeVOMyS3tVMuyyA+kHENAh1QiFohGNTxK5EBpygkWiKRneoQWoMJRAKKJBtyo+hJEFVszezqBDjQAJUCNqDIQ05BDTIKIrf1aDHQ41EEaagTqgsiVNqSRRk7FFIU+xaKGR1D2D2cedECFFAdHUSMSghRRR9i+xRUY4tQiEFRjjjRRF2I1Mh4jKHsEuhwooEeh1QIlEghqEP/2Q=="}}, {"model": "polls.actionimage", "pk": 48, "fields": {"url": "http://www.chhotabheem.com/bali/images/gallery/04.jpg"}}, {"model": "polls.actionimage", "pk": 49, "fields": {"url": "http://petermichail.blogspot.com/"}}, {"model": "polls.actionimage", "pk": 50, "fields": {"url": "data:image/jpeg;base64,/9j/4AAQSkZJRgABAQAAAQABAAD/2wCEAAkGBxMSEhUTExMVFhUXFhUVFRUXFhcWFxgWFRcWFxcVFRUYHSggGBolHRUVITEhJSkrLi4uFx8zODMtNygtLisBCgoKDg0OGxAQGi0lHyUuLS0tLS0tLS0tLS0tLS0tLS0tLS0tLS0tLS0tLS0tLS0tLS0tLS0tLS0tLS0tLS0tLf/AABEIALcBEwMBIgACEQEDEQH/xAAcAAABBQEBAQAAAAAAAAAAAAAEAAIDBQYBBwj/xABFEAACAQIEAggDBAkEAAQHAAABAhEAAwQSITEFQQYTIlFhcYGRobHBFDJC0QcjUmJykqLh8DNDgvEVFlOyNGODk7PC0v/EABkBAAMBAQEAAAAAAAAAAAAAAAECAwAEBf/EACcRAAICAgICAQQCAwAAAAAAAAABAhEDIRIxQVETBCJhoRSBQlJx/9oADAMBAAIRAxEAPwDw6lRHUd1Rm0abixeSHXFTIpBJfXMCNB3QahrpEVyg2FIVSW1pqrU9sRTRQJMmtGKc6zQ7tRvDoOhqlka8g/U08WKtWw1EWsMCKNAsz1y1Ua2pNaG9gdKht4TWs0FSZT3bUUTaT9Q/hcSfUMBU2Kw5LBRuTAqbC4+1hhetsnXdYihWBKdXcRwyuAR2hoRBiZ5ULSew1JrRBhrpRSABmbQkiSBGy91RLbrlnEBmAE6zJPfr8K7efkKpyTRHi0yDENrptUtm21wKB41AEk1q+A8NyrnI1Ow8O+lW2PJpIl4dhhbXKBrzNBcaufhH+CrgIAe0Ynehsbw+2zgoSRzmq8dEr2VdhAlsnmarsWoA8TV1ilExyFU97Iza1q1Rk92R4exajWPelbZBcKyMpiT5cqOweEsE9qPU027g7QxBWALeUkHz2I+NP8bST12J8qbad9B2EuYUb5KZx7ilojJZRRI7TwPZfzoG9cRENvIpblc/d/Oqm8/IUcuao8df0Lh+nTlyt/2Nu3OQqJVmnKs0QbeUeNcVN7O+1HRA+mlNUU8oa71ZrUG0cUUrjV3aomNZmW2crgFOiu5aShrFSpppUbNRJYvEVYWnR/A1U10NFZSoEoJlpe4ed96DfCMOVHcL4gQQG2rT2MPbuDSJp6UibcomJVaTtWo4lwE7ga1mcVhmQwwotUaMlIjQ0bYOUiKEQUVhjyNBBkaTDIGWaKw1nWhOCNBynY1oPsus06JsDuWNKDt2Na0D4eRQ3D+GPeui3bWWM+AAG7MeQHfRkgRZlcfcKdYymCABMaw07d21ZssWOn+ede18U6HYXqLllAzXmUzfJOrDVQEmFXMB4xMmvNcNgggysvMkmPCIneuWckmd+HE5pIN6L4KwFIujV0Zc0SyzzQcj4mqK5hzn6tuyZIbTYjeRWu6O3SpK9mGUprAOoMQx286teN9CCz9dacsSFOU66AADKR4Clx54xdSY+f6VyVwW0UPDejSaP1maNSIj0q/W1A05UEjZOxBBG4O/rQ+NxxUbxyr0Lj4PIcZXTA8bme4FWSZiBzPcK1a8GtYe3+sW9cuEAlUhVUETudWOsaVF0bwnUWxddZuXSMo1zLYALXLgMaEgQO/TvovifEr11mxOZeqW3K2QO3I1Cjv56/OuHLnblS6X7PV+l+kTjylsxXFyvba0DlBggkErO2sDy2qqwGGtMe3PvFaXjmNS6hvKkE2WttoPxsFWSNyCrwTyBrHdT410/T5G1ckcX1eJRk4xdf8AC1fh9idJ/mmn49sOBYUK2ZVuLcmMpGabeUjWRLAz4VTs+Wm2rxnU6d1Xlki3pJHLHFKtybOXoAoaJqbE7/Kn2Uy61CW2dKdIltWAonmfhUbpT0M08oedPWiduwfLSy1OajxI1MbUKCpWwRxTAtTZaeqTsO8+1T42V5UQZKaaluiNP81qJhQehk7GUq6DSpByOlSqS0k84pUrC3Q61VlhccyazVfliuM9VWib2bThfSRT2bmoq8fhNnErKQfDnXloarXhXF7llpDGipCyxoteJ9ErqElBIHLnVMlkgwRBHI16f0d6W2bqFL47XZyt7z9KP4r0QtYpc9ognkRv602n0TfJdnnPD25HflW04UwuJHMVleIcJu4Z8txY7m5GrXgWOyuD7+IrdMPaNRbw0jath0W4HaGFzDV72YPH3iAxATwAiqzB4cNBGoYTVpwHG9RcNptiT1fdLbr66VsjdaBi1LZEvRm4jqgdeqzh7jMxz5NyigDUsREyIBJ3FVPGf0d2XbNbuOknYwy+xAPxrZpjYmV75A10JJ+ZNdOMtnUMNNwZEeYrkmuTuj0ITlDpnhfTjohewQS6LwNpmFsAMytnIZvu7RC8jRvRHjxsKtq8SUP3W3KTyPevy+XrWJe3DSFYRMGIPKWnlrz8axXG+B4VyuS3ds3G2ItFbZjcMhPZ35R60WoThxmhV8qyc4PfolxnC7WIXMGGbk666fI1Q4voZly3mvoUHaYZYygbEySGMx2Y18qI4fwy/abS7bCHRx2jKxr2YAmOcijOI8C651cXjbyAZRlBWcwacsgcvPbeoxcsX2KaaOp4lm++cKZmukXGrlu7bYM0dXDhtGlxAJHJgBIoM8bt2wrKxLFTlEHSCJIZthuN437q2N7o/h2aXbPpsYOpOrHxNU3Gujivdt3FdMqKVyQRtqsGTJk698UtqqOinFaKvg/H7y3bquEuW7wClXUbGQNto7PvVdx/o66duyhKZe0AcxBE66cqI4zgnIFwKAV+8A3aA11037+X0q34Jj1uLmuuWIADBZEyCCIPOmhllCmuvRyZMMZ3ffs80an2RR/HuGixcy9aLhMsSARE6ifE66UJhrU68q9CLvZ5k1VoVteZ27vrSyFtqdiP8/Kn4RstMJ+Ttu1FSMaleDr/ANf2oe4CsFh/1TISXYzEGoMmtSXm1mmhgWMbUH2NHSOMKaTG2lGXBvty196GvLzouNGjKwc7VE9TAaVHfGu87VGSLRexqpXKcFbvpUKGv8kAp6imLTzSIdjmeo2NcNIUG7ClQ5amSolFSrTxEkGYe7FaLgnSe9YIKMfLlWVBpwuRVCW/B7TgeleDxidXikCsdM3KgOL9CLlsddhj1trfs6kfnXlVrFEVqujvS/EYUzbuEDmp1U+lYDN90O4hP6ptDyHj3Vb9LsIwtlgYOWQZiCOc1RcE6S4HF3kNwjDYgmM4/wBNif2u6vTuM8AW/YyNJbLEqQJ99KDlRlFvZn8FxPrLNq4QSSiksBMNlGYGN9ZpzYrNv1U98w38pj5iqbo/ibVrEXOHqTnsrmnNvJ7YBGxBZTH7x7qvr22rSPED57/GpNUzpjK1ZnuK8SNkhmKmdCBKmJBBCNzB5iaEI+1EPcuvlYZVCSgUE7kkAEif3tidZ7I/FcOLlwjskj7pg+YGpNB8fxQdUsIRqj543zFWUCfKfeqOCdAjkcbaNXhOj+HzasWXKNGdicwOpOumgG25J20pcQ4bYCCUBPeNCSDrHoRHkT5+VdHONX1VFR9dScwDaTuZ7tI861l/pFdYBSR7c/Cl+C+kN/Ia7ZNxThxOlpGAn/buvnI7st0sp9KfwToe1y6Xd3tJrlUsHuHT8UaAaz30y10nyDW2x20txM+JJED1of8A85WhcW1nuETLzII7IygMN5kbHlrQ+Pl9urD88orlbop2xCG9dtMCGR3svHa+4xAbTZdDvtS4fhWtZmddSz5VBE5erzKAV5kgx5VmeleJR77Nb2JmecneaqcJeuA9ksJ3iRPnG9K/pknSYsfq21bRpemmFZntuRsCrN5BSFJ9WieVZsuRtpU93FNqJYzvqTPn30MZ7jVoR4xo58k+crJXywG7xH/Ibz6a1JglUtrJHhUCWj3GiOHNFxfOD6079k1rQbcwynVGjwNBY64eYA25CD4+dXeNsmNFPtVJiR2iD3VlKkM4WyBiG1jzioFTWZG80XhrU5v4LkeYUkfKgBWbvZkq0XWIXKNNoGvfO/zpj4bMCIk7LEyTA0ygEnf1Jp1ls1u2wiRKNPgdJ02ir7o8qLiFLkoOrYof2TlzI2ogiQORma6lG0cnLjIx12zEjcTuNthO/Oi+EcAuYrObbIAkA5yRqZgaA7wdasONYK3bZQrEg21cnxbNyIHILS6E4gC+9lvu3rbIfMaj4Zq5skKOvHOyQdC73/q2fRiR7xXaoLmEgkECQSPYxSpKY1oqwa6TTaVc9nSOJmuiuCuiiKPFdBpop1OhWSCuE10V1VphOh9pKke5TC1RFqboWrJRcrTcP6dY+1Z6i3ibqpsAG1Udyt95R4AisoDRmDszryrdmao0/QfHCxjbN+5JBcq5Opi6rIWJPcXzele23MMxmUEDmjAE+anT3r58FfRmDwSvat3GLh7ltXbtQQzqCw96TJrZTD5RmeIcPJYEC4p13tnYc8yjXyAjxrLcZwTWXF0Ds5pOwhjyI7jv616VjuGsyn9bdj9mVjbwEms/juErkZGkgg+R0rRmNKFnmPBLMNdAGzZR5Cau04e0gnSdte7XXxqPotYy2853ck/Af3reWODo9oayzAMG5A90fA896vzqJFQtmP6SYUYfBm8vaAgErIhmaAxPIEHl37868tvXyzFiZJJJ9flXvN7Czau2bqxnR0b+FhHZ5bsCNZ0Hp4hxLhrWLzWX+8p3EwQRIYeEGox7ZSfSBLbEmi3vgAAad57661gIsyvlzoct4CqdEOw3h19A4LqGAOoOx8KJ4hiLTPKIEHcNqrbZHdRDCPvL70yehGtkl28mSBOaR7c6BLxrOtW1rCobZcsAR+GN6rnxQH4BWYVsuOGdLCoy3lzjkw0b1GxoDF4lLtxmXnsNqBuYuQRkUVAgpHsqtbNBbw8JtyInzUj61QXrRUwaMw/EHkKWkHTXf3rrY9WcMV/DHfrO9DwbyTcIk27iaadsA+A1+XxpY9z2WmT930WAN6ZgsYFfUgBoVm5qMwOYDvEUziN9JIRiVBOUkQY5T4xXQpL46OVwfyXQIh5DmatE4DjLRS91DgAhgdJy89JkaTvQnCOIixcFzIHIIIB20rV8Y/SU1y11dqz1bmQzs0wD+wo576nbxpYrG19zKt5E/tRjsfiA9xmykSZg7g8/jXKie3JnXXX3rlS2V0AUhSpVynSOpVylTWAeKdTBT0E0yFZNbFOJp1tfL3pjCq1SI9sYzU0VIqHuozDYdifu0tDXRDhcMzGADWjs9H7+TME7I8RUvDcMRHZr0rgFoNZYMeW0H8qpFEpNmE6EcB+1Y21ZcdiS9z+C2CxHkxAX/lX0LcIPl5V5Z+j7DhOIXWA0+z3APM3LVb63jwSwnaPjt8ahlts6MOo2EX7ooHiFnNbbvGo+vwpl+9LAd9TWzIK94IqdUVs81s4MWh1YmFLBZ3gMYn0itZ0fabUA6gmR3TtHh/eqfHr2z/nIUZ0cvRdXuaVP0+IFdH+JPyWlxCHloKnSCOdeffpc4Qi9TiUGWS1p4BMtGdPgLleo49lAE99C4jIV7Shl0kRPkYNSUtpjyjcWj5xe0ObN/Ia4LaftH+X+9e/8R6O2cR2u16EbeTDX3rM4/wDRqtxpXEhR3GzJH9Ymui4V3+jkccl1x/Z5nhMMQpuqLhRTlNwWyUVtNC2wOo96V1laCXYxoJH969vwHRzC2MIcMoJV1YXHP3izDKXPKdtNgAK8vx/QTFC8bVlOst6EXjCqAZ+8TzEaxPI86CY0oMzl66kRmP8AL/egGHdPtU2MwVy27IymVYqYBIkGDB5inYC5kcFgdD3Gjdi1SIVw7fst7GuMkd9elWumeHygNbY6a/qyKyvHeMWrjEohA7oI+dNxXsnzl6M6FrpQjvHmKIW8AZruLxJuamhxQ3J30NtMxEaR/CvziuHDE6AanaSB8TpT8PeVVIO8/CoC3YywfvT8KOq2bd6I71plmRBBjkfiNKGNG5v1eWNZn/IqDqu+pSXorGXsfbxRAAgVymQKVHlL2bjH0CUqVKuY6BU4U2u0UYcKsOEXrdu6jXbfW2wZe3OXMI2n4+lArVphuHXEe0biwrsuUyDIkE7HTTvqsNOyUtqj1nh/SXhNywV6oII1tmwCdN+0ARPrXm/HMTgmuk2EuonIGDJEyd9B4Vy5fVGujUks8QDzJ9qGThfXC2FdFbIxhyVntbAgETrzirzyuSojHGkyFLlnvf2H51aYG/YGpz+x+hqnwWDJPaR4/hNFdQ/JG/lNTQZF6vEbA2VvjVxhOmiWkKBG1BH+a1ijacbow/4mtH0Q6P28Ul1rpcQVRMkZg33ixBBkRlEeJ8KYSrLj9HmMuPxBLlu0/VkXEuPByqCjMAW2nME0rbrmXEa7Fl9hH5Vc9FuB2sLZFu0rRqSzGWJIALMY02GggUHjFAuo376+2b+9SclbOmMaQ3Fs3W2o0Y6n/kZ18gfhVnh7ozHuUD6z8qCxNyHuXP2RA/iOmnoP6qFsXz1Tk7kge4GntNK1aHXZR4y527h/5fD+1O6JEs9sdzSfQT/+poW/965/BPuDU3QRS7SPwrPrLiP66p/iJ5NdxRtQPP8Az41VYnFG3GXnOm/cfYztRuNuhoYH8Kz5MJB+fwqsxQlh5f8AdTgis3oP4fxIXV2gjQrsP+qIvXCe4Vn7QiSO80YmPnQ6GmcPRNS9hV5xpOxOvlzNVnEeLBEZmMIqlj4AA6R3/OpcfcOQsNSJ0Ak+IA768f47irhZlZn31Vi0Ag7EHuNUhC1ZLJkppFfjb7XbjuZGZi0d0mYqNFj/AA0yPH612R4n/PCmJMsRxIgR9D+dCXbzOZy/A1GFPgPOrLA2EiS8+FPGLkyc5KKtlcUPgK71RPI+ugqTEXwphY89zUP2udyf88KV60Mrasf1YHMempqK5cUePn+QpYjEZjpMVAzUGxlH2da+duXtTUykGd6fYia1PCvshR1voG7Jy7ghoMGRtrFNDG5eRcmRQrRjildq2/8AD7fe3vSofDIP8iJnqVKlXEdwq6K5XRRRh01qsW/6rDAco/8Ax1k62ODw4vYdFmGCjKw3DAR7VWBOZU4nF3FaEEg79kncmiMG/wCtVe5W+Yoa5mWbboM2ozE7nkRVhwbBdWMzDtn4Dup/JLxsr7jFWYSfvHme+pLNxv2j7muPkNxs2aMzfdI7/EUTZGHntddHOOrJ9JpkIzR9Gejhxhg3XAH7351v+jHRJcDcZjdZlcAZWI+8pJBEDuLV5nwbi1q1dVLbXRndVDOUUDMwALFZ0E617TgujglXv3XuFYYKDlQNGsxqwme7TcUZONCRWTn+C9w4kb1mOIf6ij99AP5h+daY3Mok+g8qy+JuAXbZOp6xY9x+Vc3k7l0O4t2bYXmxzH1ED4BaBYlbSjmZb32+dG8RtZmCcuyvpzPooJ9KGxvacnkFn11Ipl0ZlPiE1ufwgU79HLw90fuz/UB+dEPblHPft5CB86reh2IFu+wP40Yeqww+ANUe4smu0aXHWSlyR935KdY9DtQuNwpcqysRlJJHJgQQQfWDPh4mnvfi7qey5OUnkT+H6eY8aJYd1T6HeytKwk7RPw1qM2ywggzyI+vhUfSDFNbs3DBAysM6gsVJBGYqBsNDWNtdLHFvKLilojPlugeZUL9aoiTdBadJ71q61q9ajKfwnN5RmAkQZ+lZbipN6891oXMZiZgAAD5VzG33usWfEBieeR/bRaBuiNmB9G+oqq4nO3IkZVHLN57VBcvx3L4CmsXNQtaNB/gK/ImuT/enSe80xbLchUhtsN4H+d1BBdHEtzvT1sA7a+wqM3QOU+dRtfY+HlpWtGpsvOEdHWxLZFdVO+ooXjvBnwjlbizByhgwIJ323qHhOIuK4yGDU/HsZcc/rDJn461SouF+SalJT4lT1o7yPSPrReD4gqc+XIHencMYTrVncs2j+FT6Cjixya5JgzZIp8ZJlJ9r/ertavD8JwxUEok+QpU/wZPaJ/ycXp/o8/roiuUq8s9YkDD9n409b4GyD1k1BXQKZNh5E3XA7qPQVYYfijIAtuQBtmKt9BQWHt2/xFvSB9DRf2S0R2WafHUe4FUjZKckyTF3LhIe4upghoG3ppSu41zuza92nyqS1KAqCQpEECGn+YVy1hVO7sP+M/WqkCTCKrKSSFPqaGxBg6GR5RWgtvgcoDWmJA1MkEnv0NRXDgOVi5/9xhQDRm8x3B1GoPce+vobo/04wuLwwuNcW1cRZv23YLlIGrKTuhOs8pg14pe+yfhtMP8A6h+tB/ZrZ/aHxoVYeVHvuF49YxTdTh8Sly6BmKrnIVAVk58uUjtKNDuatnwio4CEgnczrA1InkNNhWR/RpwIYTD9aBL3wrnMACLcSieG8nz8K1Jvs14ArAKNPus6+Uj1qM+9HRDrYPft5e0dCdEHODuxHLTTyJ76rLoJDRuTAqy4lckk9538tgPDegbDT7mff8vnRRmNu24XKNoj5Vklm3ekbq4I8wa2LGs/xPDfrGYdwb2kGqwZOSDsfcUbybNwAjvWeY8QaNs3CVBkE/tDZhybz7x31WYEZ0Nlu4tbPjzFR9G8aru9pXDAAzE6EAnn5EVmgpsu2IiSK80/SJwUW3t3bYVUeVKqoUZxqSY3J1/l8a9GY6T/ANVienjNeNu2GCostO8k6egGvvQiJPowtu331NbKzUj8NI/3B6iob2FIGl1fLLHxmq8iDizTJhsH9nzG+gua9g71l7lxAdDPyoc4RomZ9PrQxtNRcn6AoL2HXMX6eVQtekRl17/DWoeqanNbbSAfGlsZJezmQRrT7GFLCQdqhKP3H2NdtC6v3Q3tNa1e0Gm1pktu49sypE+Vcvl7mpBJ8APzpjFx94EeYI+dTWbwXX5UVT1YGmt1shW26/7b/wAp/KunFkbqR8K0WB4/aUdr4g/So8Vxiy0wRV/iglqZzfNkcqeNlQvEgB+L4fnXaY95CTqPhSqfKX+xX44/6lNXRWgu9HcujYjCz3C8Cf6QaGfhEb3LX8x/KuLgzt+RFUH8vYU5bpHIewP0qxPDrf8A62vcqFviWFPThaftsPEr9P70eLM5xKzrJOv5VY4K4o3B+dF2eEWTvfPlkA+JuVd4DoujQBetKO979r/2IGNOlXZOU10gbDXsGPvi83goAoq5xGwBFjDus82JJ+tXi9EMKol+IW/ELkEf8ncfKoMVhOGWh/8AENcPcLm/8thx8adb6J2ZO+5JMimi13jy1HyitGnF7C6W8GG/fuTc+dta5d6QOPu9SnglgD5rQ4jKZQ2sIDyq+6N9HlxF9bbyEALvrBIEDKDykkDymmWulOJ2JVl8VA+UGjsD0huZ1BW2qscpKoobXbtxmiY51qNdvZ6eyKsDkIA8ABoKEvXlW9abMYOZFXXVsrE7+A+FA4W1cVR1hBHxWeXlQHSxymIwa6ksrXMq5dFkjMZEwVVtBH3aWrZVypFzdu5yI1k6eOsaesiuIYmgcSbhGdGyQOyv7oEAeFUeM6TBFKrDXJgq2kRoQY1nwitxC5Jdmix3EUtrLsF0OpMbfOs/hukKYjENZVJGUxcBlWAAO3LXTnWR4txh7zywXTQCJjv1Inu9hUnCuKNZYOMp0ggjl4HLoaaqE5X0b/Bjt2u/N7Rv8qp+H8Tt2OIX0K9m7BUqJg5cxJGmhltufKpsDj3xFi5dw4/X22DC2yfethWL5QuhMDlqY76yDF71xLkANImNB2YOYknTc6+FK3eysU0+JveL8dXDXXsXQyEKLikroQ3JSJkGNx3Ed9edcYxTXrrODC7IJAhR4T3yfWtB01xQvW8GZOZLTWHYEmeraRvBOjzqedZW4EH3esJ8cgH1p40c8+XRALM7sR5AH6iphw9CJDsT3ZV+jGlavvb7eRG8XWY+MUZb4/jmH6oZR/8ALsqP6sv1p7JUwB8JcVfutHkfnUuB4Firi50sEqdnYBVPiGcgH0qLF47EMf19x27w7tH8oPyqyw32Rh2sRbTTUW8LcLfztFZyMo0VmIwj2zDBCeYVlePPITFCnE1eNa4WNTcxVw+CIg+IqG7ieHj7mGvN/HdgH+Q0bYKXkqPtXhXVxrftMPImrccZw4ELhbA87b3D7ve+lVeLxS3GkBFHctpU+C1rYVFeCM4k83PqSaggHupFByNcCUNjaH/YgeZqO5gAPx/A/lRFpTyrrq1Fwi10BTkn2Vps+NKrDqT+78KVS4IrzYLc4m0QLdpf4bY+ZmoFuu2wnyQfQURibtuZV3J8gBUZx12P9RgO6SPlUnfsqv8AhMcViAI7SjwUJ8QBQbXWJ7TE+ZJ+dNe4TuxPmT9aSigGgmxcH7M+/wBK0vB+G4q7/poqD9ogD561ScPvC2c3YJ8ZPyNXtvpBfYQhCj90BR8TVETl+DQWuh40bE4mRzUHKKIvcWwmFGWxZtM37QUk+rHesqb5b/Uug+bT8BUlq6nLX00+NV3WiNK9sNxfHL93TMVHcihfiBPxqu+zg+NXeAynkoHeco+dX2Faygk9WT3sWMeiqZ96XfkZ0ujHWsN3qY8v7UWLZEG2vaEFc0ZZGomrzH420x7V2f3UtED4kfGg7XFhbM219WQT8zTAL7gHSFmYLdQC4CQwEFGGkEDWNzp4VL0iXPxBmEZVtW+rMyVUouinkO2wyzuT6YTG8XureN7RiTJB0MxBg92lXWE40uKvI4kAJBUjUMNx46Hep9Mr2kaeyhT8UjcDfuNZPpNZU3y0AZgpOg1MRJ58q0GJ4lYtR1hyTtMgafDnQnEVwmIUFrgBGzowBIPJpnMN450inu2PKNqjJmza51x1siYPxBqTE4S0rELdBXkTv7VyxbtB1lwwJgwjnQ6a9nan52KoUa3oFxDqFY2wGcrKzuGAcZT5luVZvh+EZ8wVhMBo1AMECP6qsOvsBRayuLYMyialtIHa5b799R/+KWU/0rVwttLN79kLFTj1RWUvv5L8E/SDgxtJbQsGfV2jYTpAnf7orPnB+APvVpj+MG4SXtdqTqSZAnQAaCqm5fJOgYeRimjpCzfKTbGtw4nlQ13hoH3iB4SKlcseR9WFDvabuHuPzp0ybS9HVtWwdcp8x/8AyRUrfZz/ALeveC/yJoQo/wC77z8qntcNxLfdX5j/AN0UUxGn6H2LVqdTcA8FM+9WKnCRDfaW8P1Y+a0GnCMSN2sr/E4+k1w4G4N8TZHkxP0prFaYzGJa/wBq3cHi72j8AtVzWn7l/po29aIH+ujeQoTOw/ET7/Ss2ZRZEDG5PpFR3L697z4xTnUsdwPf6zXWwlsb3J8hStjKPshF/wA6d1njXTbt8s59hSS2Brp5EimTbFcUiI5u812i/tS/s/1H8q5R0C2VBtiudWKVKuekdNsctuni3SpUySEbZILdPIO2n+eMUqVUoSya0IqUXo5fE0qVO+ifkkGJPID/ADzJqTrXiSYH+d1dpUgwreII5mpvtXj867SrGsiUBj94f1flVzItMgyqezOsnU+tKlQ4odSYRicSGIlU02/VrOsTqRNDYvGMo7IHnSpUiiirk0iruYi4xnNT7fWTMj3pUqfghFJmj4GHYjMJ9arb5ZLrShiTHaFKlQSXQZN3Y7H4sZQxWfU/nVWeJd1tfn86VKqqEaITyysXXMwkqAPCB8qT37Q3z0qVBQTM5tDDjLY2VvcUO2JDcyKVKjVAbbOoE5saka7ZXmT6GlSpWxkRPxFRoq+4oW5jmPcPIUqVKMRNmO9RlT30qVagJljgeCX7mwAHeWEewmrD/wAvZR2rg9Fn4mlSrIbsEbhaA/fPtSpUq1mP/9k="}}, {"model": "polls.story", "pk": 1, "fields": {"base_image": 1, "votes": 4, "last_action_image": 1}}, {"model": "polls.story", "pk": 3, "fields": {"base_image": 1, "votes": 1, "last_action_image": 15}}, {"model": "polls.story", "pk": 4, "fields": {"base_image": 1, "votes": 1, "last_action_image": 3}}, {"model": "polls.story", "pk": 6, "fields": {"base_image": 2, "votes": 0, "last_action_image": 11}}, {"model": "polls.story", "pk": 14, "fields": {"base_image": 4, "votes": 0, "last_action_image": 27}}, {"model": "polls.story", "pk": 15, "fields": {"base_image": 1, "votes": 0, "last_action_image": 10}}, {"model": "polls.story", "pk": 17, "fields": {"base_image": 6, "votes": 0, "last_action_image": 41}}, {"model": "polls.story", "pk": 18, "fields": {"base_image": 6, "votes": 0, "last_action_image": 13}}, {"model": "polls.story", "pk": 19, "fields": {"base_image": 5, "votes": 0, "last_action_image": 29}}, {"model": "polls.story", "pk": 20, "fields": {"base_image": 1, "votes": 0, "last_action_image": 16}}, {"model": "polls.story", "pk": 21, "fields": {"base_image": 1, "votes": 0, "last_action_image": 14}}, {"model": "polls.story", "pk": 22, "fields": {"base_image": 2, "votes": 0, "last_action_image": 16}}, {"model": "polls.story", "pk": 23, "fields": {"base_image": 2, "votes": 0, "last_action_image": 43}}, {"model": "polls.story", "pk": 24, "fields": {"base_image": 1, "votes": 1, "last_action_image": 3}}, {"model": "polls.story", "pk": 25, "fields": {"base_image": 6, "votes": 0, "last_action_image": 32}}, {"model": "polls.story", "pk": 26, "fields": {"base_image": 1, "votes": 0, "last_action_image": 19}}, {"model": "polls.story", "pk": 27, "fields": {"base_image": 2, "votes": 0, "last_action_image": 8}}, {"model": "polls.story", "pk": 28, "fields": {"base_image": 7, "votes": 0, "last_action_image": 47}}, {"model": "polls.story", "pk": 29, "fields": {"base_image": 7, "votes": 0, "last_action_image": 48}}, {"model": "polls.story", "pk": 30, "fields": {"base_image": 7, "votes": 0, "last_action_image": 49}}, {"model": "polls.story", "pk": 31, "fields": {"base_image": 4, "votes": 0, "last_action_image": 50}}, {"model": "contenttypes.contenttype", "pk": 1, "fields": {"app_label": "admin", "model": "logentry"}}, {"model": "contenttypes.contenttype", "pk": 2, "fields": {"app_label": "auth", "model": "group"}}, {"model": "contenttypes.contenttype", "pk": 3, "fields": {"app_label": "auth", "model": "permission"}}, {"model": "contenttypes.contenttype", "pk": 4, "fields": {"app_label": "auth", "model": "user"}}, {"model": "contenttypes.contenttype", "pk": 5, "fields": {"app_label": "contenttypes", "model": "contenttype"}}, {"model": "contenttypes.contenttype", "pk": 6, "fields": {"app_label": "sessions", "model": "session"}}, {"model": "contenttypes.contenttype", "pk": 7, "fields": {"app_label": "polls", "model": "question"}}, {"model": "contenttypes.contenttype", "pk": 8, "fields": {"app_label": "polls", "model": "choice"}}, {"model": "contenttypes.contenttype", "pk": 9, "fields": {"app_label": "polls", "model": "text_input"}}, {"model": "contenttypes.contenttype", "pk": 10, "fields": {"app_label": "polls", "model": "scenario"}}, {"model": "contenttypes.contenttype", "pk": 11, "fields": {"app_label": "polls", "model": "link"}}, {"model": "contenttypes.contenttype", "pk": 12, "fields": {"app_label": "polls", "model": "imagescenario"}}, {"model": "contenttypes.contenttype", "pk": 13, "fields": {"app_label": "polls", "model": "imagelink"}}, {"model": "contenttypes.contenttype", "pk": 14, "fields": {"app_label": "polls", "model": "imagechain"}}, {"model": "contenttypes.contenttype", "pk": 15, "fields": {"app_label": "polls", "model": "actionimage"}}, {"model": "contenttypes.contenttype", "pk": 16, "fields": {"app_label": "polls", "model": "baseimage"}}, {"model": "contenttypes.contenttype", "pk": 17, "fields": {"app_label": "polls", "model": "story"}}, {"model": "contenttypes.contenttype", "pk": 18, "fields": {"app_label": "polls", "model": "authors"}}, {"model": "contenttypes.contenttype", "pk": 19, "fields": {"app_label": "polls", "model": "storytext"}}, {"model": "contenttypes.contenttype", "pk": 20, "fields": {"app_label": "polls", "model": "feedback"}}, {"model": "sessions.session", "pk": "39gbdzcegsrpowctqpnz16rnjckgrwgc", "fields": {"session_data": "ODEzNDFhZjMyZTFmNjM5YjUyMmI4MjE4MDRmMTA2YWI1YTYxMmE4MDp7ImVycm9yX20iOiJQbGVhc2UgTG9naW4gRmlyc3QifQ==", "expire_date": "2018-03-01T18:16:16.169Z"}}, {"model": "sessions.session", "pk": "3x96ch72is7rbnpufpit5b5ps9v261di", "fields": {"session_data": "YzQ3MDIwZGVkMWYwZjZjZTc1M2YzNzJkNWY5NDMyMTcyZDY5ZTRiNzp7Il9hdXRoX3VzZXJfaWQiOiIxMiIsIl9hdXRoX3VzZXJfYmFja2VuZCI6ImRqYW5nby5jb250cmliLmF1dGguYmFja2VuZHMuTW9kZWxCYWNrZW5kIiwiX2F1dGhfdXNlcl9oYXNoIjoiYmI0ZWVjNzFkMWQ5ZDkwZTUwZGJlZTFlYTZhZDAzMzJjOGFkYmFkOSIsImJhc2VfaWQiOjJ9", "expire_date": "2018-03-01T19:03:13.529Z"}}, {"model": "sessions.session", "pk": "61pcg3tpd4r4qoykbuaa5k34jg048ua3", "fields": {"session_data": "YzY1ODUwZGMxZTI2MGM0MWY1M2M2YjRhOWVlYTNmMTc5ZmE3YjJiMDp7fQ==", "expire_date": "2018-03-01T18:21:41.429Z"}}, {"model": "sessions.session", "pk": "6p0usd60wrgedz0vysoxsbdwbf5b0zx8", "fields": {"session_data": "ZDdlNTgwOWY1NDgyNzRjODY1YjhhMWY4N2EzODE0Y2FlYzUyNWRiMzp7Il9hdXRoX3VzZXJfaWQiOiIzIiwiYmFzZV9pZCI6MSwiX2F1dGhfdXNlcl9oYXNoIjoiNjEzZGUyNWNlNmViZDUxNzVjMjMxNGY3NTliNDBlMzUxOTIwMmMwNSIsIl9hdXRoX3VzZXJfYmFja2VuZCI6ImRqYW5nby5jb250cmliLmF1dGguYmFja2VuZHMuTW9kZWxCYWNrZW5kIn0=", "expire_date": "2018-02-28T22:42:27.350Z"}}, {"model": "sessions.session", "pk": "854nblm2g2g15x91qyn227qxm6mpdvpm", "fields": {"session_data": "ZmJjMDQ1YjhhZWZlNGQxYWM2NjJlZmU1MDkzOGZlMmM3Yjg3YzBjZTp7Il9hdXRoX3VzZXJfaWQiOiIyIiwiX2F1dGhfdXNlcl9iYWNrZW5kIjoiZGphbmdvLmNvbnRyaWIuYXV0aC5iYWNrZW5kcy5Nb2RlbEJhY2tlbmQiLCJfYXV0aF91c2VyX2hhc2giOiIwMjI0MDQ5NDVjNzY0ZDQxNDM3MTJhYTNmZDBkMDc1MjcwNjcwMDdhIn0=", "expire_date": "2017-12-21T16:14:38.703Z"}}, {"model": "sessions.session", "pk": "a38mo064rcgn1ww6q9w5kiwl5mbzmggg", "fields": {"session_data": "NWI3MmRkMjA3YzA3NWZjZGY5MDFiNmIxY2JmOGJlNmZkYTViZDM5Yzp7Il9hdXRoX3VzZXJfYmFja2VuZCI6ImRqYW5nby5jb250cmliLmF1dGguYmFja2VuZHMuTW9kZWxCYWNrZW5kIiwiX2F1dGhfdXNlcl9oYXNoIjoiMWFhZTMyMjRkMmJmNmFmNjgzMWYxNWQ0ODE4ZjI5YzA3MmZhZTI3YiIsIl9hdXRoX3VzZXJfaWQiOiIxIn0=", "expire_date": "2018-02-07T20:03:50.056Z"}}, {"model": "sessions.session", "pk": "ch6i2fj1npythb9hy0hv7q1yflof19xa", "fields": {"session_data": "MGVjZTA3ZDI4YjQwZWIyYzM5ZWVlNzJmZTg2MmJlNDlkYWNjMzc2ZDp7Il9hdXRoX3VzZXJfYmFja2VuZCI6ImRqYW5nby5jb250cmliLmF1dGguYmFja2VuZHMuTW9kZWxCYWNrZW5kIiwiX2F1dGhfdXNlcl9pZCI6IjEiLCJfYXV0aF91c2VyX2hhc2giOiI3MzY5YmEyMTgzOTJlMmZjZGQzMGQzY2ViNDQxYzEyYzRmZTEyOGVhIn0=", "expire_date": "2017-12-06T00:02:42.132Z"}}, {"model": "sessions.session", "pk": "fll9v9xbb7kyaojmkrhwr2772ff4tqma", "fields": {"session_data": "M2U5MmZhZGM1NjljOTY3N2I1N2VhYWVmN2VlN2RiNjY4YWExMGMxOTp7Il9hdXRoX3VzZXJfaWQiOiIzIiwiX2F1dGhfdXNlcl9iYWNrZW5kIjoiZGphbmdvLmNvbnRyaWIuYXV0aC5iYWNrZW5kcy5Nb2RlbEJhY2tlbmQiLCJfYXV0aF91c2VyX2hhc2giOiI2MTNkZTI1Y2U2ZWJkNTE3NWMyMzE0Zjc1OWI0MGUzNTE5MjAyYzA1IiwiYmFzZV9pZCI6MX0=", "expire_date": "2018-02-27T13:29:30.057Z"}}, {"model": "sessions.session", "pk": "fuhjigwvzgvk5mbhjmxgyut76r82ikzy", "fields": {"session_data": "YmJiODNhOWNjNTU1ZmNjZjY1ZjQ3Zjk1NjUwNDJmZjIwNGI1ZDYxYTp7Il9hdXRoX3VzZXJfaWQiOiI4IiwiX2F1dGhfdXNlcl9iYWNrZW5kIjoiZGphbmdvLmNvbnRyaWIuYXV0aC5iYWNrZW5kcy5Nb2RlbEJhY2tlbmQiLCJfYXV0aF91c2VyX2hhc2giOiI4MzcxZGZkNTNkM2RiZjBlMGE3OTcyYTdkOTFhZTc0ZWI2ZWQwY2NlIn0=", "expire_date": "2018-03-01T17:11:22.248Z"}}, {"model": "sessions.session", "pk": "jz0orqf207z5mbfp3sz4h34lfnxyn813", "fields": {"session_data": "Njk4MGM4ZTM4ZmZlOWI5MjhiYjkxNWUyNjhhMzk5MzExMTQ4ZDBmNzp7Il9hdXRoX3VzZXJfaWQiOiIxMCIsIl9hdXRoX3VzZXJfYmFja2VuZCI6ImRqYW5nby5jb250cmliLmF1dGguYmFja2VuZHMuTW9kZWxCYWNrZW5kIiwiX2F1dGhfdXNlcl9oYXNoIjoiMWRiN2NlNTkyYTMzYjM3OTJkYjg1YjZmNTU1YTZiN2MyZGY4YzljMiIsImJhc2VfaWQiOjd9", "expire_date": "2018-03-01T19:17:53.404Z"}}, {"model": "sessions.session", "pk": "k97apbdgumhbw3iqcrxsou25bt5hpd8z", "fields": {"session_data": "YmJiODNhOWNjNTU1ZmNjZjY1ZjQ3Zjk1NjUwNDJmZjIwNGI1ZDYxYTp7Il9hdXRoX3VzZXJfaWQiOiI4IiwiX2F1dGhfdXNlcl9iYWNrZW5kIjoiZGphbmdvLmNvbnRyaWIuYXV0aC5iYWNrZW5kcy5Nb2RlbEJhY2tlbmQiLCJfYXV0aF91c2VyX2hhc2giOiI4MzcxZGZkNTNkM2RiZjBlMGE3OTcyYTdkOTFhZTc0ZWI2ZWQwY2NlIn0=", "expire_date": "2018-03-01T17:19:45.162Z"}}, {"model": "sessions.session", "pk": "liggnp28gb403358ul52a8sy2ef2a14g", "fields": {"session_data": "OTQxYWFmMjg1NjQ2ZjlhM2JkYmFmZDA5ZmRjNzljMjJmMDZmMjZkOTp7Il9hdXRoX3VzZXJfaWQiOiIzIiwiX2F1dGhfdXNlcl9iYWNrZW5kIjoiZGphbmdvLmNvbnRyaWIuYXV0aC5iYWNrZW5kcy5Nb2RlbEJhY2tlbmQiLCJfYXV0aF91c2VyX2hhc2giOiI2MTNkZTI1Y2U2ZWJkNTE3NWMyMzE0Zjc1OWI0MGUzNTE5MjAyYzA1In0=", "expire_date": "2018-03-01T19:24:55.079Z"}}, {"model": "sessions.session", "pk": "m1gmtr8kum7ed72bkea7aoramzua4e8c", "fields": {"session_data": "N2Q3MmJmMGRmOWE1OTg4YWE5MTBkMDVlMzFjMTUwNDVlMzA5ZDRiNzp7Il9hdXRoX3VzZXJfaGFzaCI6IjRmNWQwM2FhZTFmYmJiNTJmMWZkZTIzY2M2ZDgyOTU3MzlhZDhhYmIiLCJfYXV0aF91c2VyX2JhY2tlbmQiOiJkamFuZ28uY29udHJpYi5hdXRoLmJhY2tlbmRzLk1vZGVsQmFja2VuZCIsIl9hdXRoX3VzZXJfaWQiOiIxIn0=", "expire_date": "2017-12-22T00:05:16.160Z"}}, {"model": "sessions.session", "pk": "q0iqtla5uz9466sazz33psoig4vu4rdy", "fields": {"session_data": "YzY1ODUwZGMxZTI2MGM0MWY1M2M2YjRhOWVlYTNmMTc5ZmE3YjJiMDp7fQ==", "expire_date": "2018-02-27T15:35:10.591Z"}}, {"model": "sessions.session", "pk": "qmzuu6hcr9lw6vnj6ob59258efrkelfc", "fields": {"session_data": "Y2I5MGIxNjNmYWJiMzFhZGYzNzM4MmQ4NGE4ZWIwNWMxNDNjNWUwNzp7Il9hdXRoX3VzZXJfaGFzaCI6IjFhYWUzMjI0ZDJiZjZhZjY4MzFmMTVkNDgxOGYyOWMwNzJmYWUyN2IiLCJfYXV0aF91c2VyX2JhY2tlbmQiOiJkamFuZ28uY29udHJpYi5hdXRoLmJhY2tlbmRzLk1vZGVsQmFja2VuZCIsIl9hdXRoX3VzZXJfaWQiOiIxIn0=", "expire_date": "2018-01-24T11:37:31.666Z"}}, {"model": "sessions.session", "pk": "rg8wz13m6sktpq2z9cn22f51llsx5ey7", "fields": {"session_data": "OTQxYWFmMjg1NjQ2ZjlhM2JkYmFmZDA5ZmRjNzljMjJmMDZmMjZkOTp7Il9hdXRoX3VzZXJfaWQiOiIzIiwiX2F1dGhfdXNlcl9iYWNrZW5kIjoiZGphbmdvLmNvbnRyaWIuYXV0aC5iYWNrZW5kcy5Nb2RlbEJhY2tlbmQiLCJfYXV0aF91c2VyX2hhc2giOiI2MTNkZTI1Y2U2ZWJkNTE3NWMyMzE0Zjc1OWI0MGUzNTE5MjAyYzA1In0=", "expire_date": "2018-02-28T12:46:55.989Z"}}, {"model": "sessions.session", "pk": "sev92t1xfc52wqnyqrynm024adrh3cnf", "fields": {"session_data": "YjdmN2ExMTA0YmU4NGJjOWYzMWNjYWY0ODAxNGMwNzdmNTYzMjQ5Yzp7ImJhc2VfaWQiOjEsIl9hdXRoX3VzZXJfaGFzaCI6IjYxM2RlMjVjZTZlYmQ1MTc1YzIzMTRmNzU5YjQwZTM1MTkyMDJjMDUiLCJfYXV0aF91c2VyX2lkIjoiMyIsIl9hdXRoX3VzZXJfYmFja2VuZCI6ImRqYW5nby5jb250cmliLmF1dGguYmFja2VuZHMuTW9kZWxCYWNrZW5kIn0=", "expire_date": "2018-02-27T19:37:18.067Z"}}, {"model": "sessions.session", "pk": "ss92ynwuqywskglsbyksf4t3127tjjgl", "fields": {"session_data": "YzY1ODUwZGMxZTI2MGM0MWY1M2M2YjRhOWVlYTNmMTc5ZmE3YjJiMDp7fQ==", "expire_date": "2018-03-01T17:05:06.487Z"}}, {"model": "sessions.session", "pk": "tbjlk9q1xe0t1u6fhwu3ljjq702fzi7x", "fields": {"session_data": "OTQxYWFmMjg1NjQ2ZjlhM2JkYmFmZDA5ZmRjNzljMjJmMDZmMjZkOTp7Il9hdXRoX3VzZXJfaWQiOiIzIiwiX2F1dGhfdXNlcl9iYWNrZW5kIjoiZGphbmdvLmNvbnRyaWIuYXV0aC5iYWNrZW5kcy5Nb2RlbEJhY2tlbmQiLCJfYXV0aF91c2VyX2hhc2giOiI2MTNkZTI1Y2U2ZWJkNTE3NWMyMzE0Zjc1OWI0MGUzNTE5MjAyYzA1In0=", "expire_date": "2018-01-24T12:12:01.553Z"}}, {"model": "sessions.session", "pk": "ude2jevpbccupb9o3tyk8rr06pwkbxqa", "fields": {"session_data": "MmI0Y2M1MzNmNDI1OTNkYmMwNWY1ZjlkZTdlNzBiZjMyNDRmZmU5MDp7Il9hdXRoX3VzZXJfaGFzaCI6IjRmNWQwM2FhZTFmYmJiNTJmMWZkZTIzY2M2ZDgyOTU3MzlhZDhhYmIiLCJfYXV0aF91c2VyX2lkIjoiMSIsIl9hdXRoX3VzZXJfYmFja2VuZCI6ImRqYW5nby5jb250cmliLmF1dGguYmFja2VuZHMuTW9kZWxCYWNrZW5kIn0=", "expire_date": "2017-12-21T14:13:13.192Z"}}, {"model": "sessions.session", "pk": "v079gp7lypw9s0y2oql2icu1rx69s0nx", "fields": {"session_data": "N2NlZGE2OWQ0ZDZhYTkyNGIzNThjNGU0YjMxMzVhOTlmYWYyNGE2Njp7Il9hdXRoX3VzZXJfaWQiOiIxIiwiX2F1dGhfdXNlcl9iYWNrZW5kIjoiZGphbmdvLmNvbnRyaWIuYXV0aC5iYWNrZW5kcy5Nb2RlbEJhY2tlbmQiLCJfYXV0aF91c2VyX2hhc2giOiIxYWFlMzIyNGQyYmY2YWY2ODMxZjE1ZDQ4MThmMjljMDcyZmFlMjdiIn0=", "expire_date": "2018-03-02T22:28:08.601Z"}}, {"model": "sessions.session", "pk": "v5wjftyki5yqncrzz1lx3h39qlpi3rei", "fields": {"session_data": "ODEzNDFhZjMyZTFmNjM5YjUyMmI4MjE4MDRmMTA2YWI1YTYxMmE4MDp7ImVycm9yX20iOiJQbGVhc2UgTG9naW4gRmlyc3QifQ==", "expire_date": "2018-03-01T18:16:16.249Z"}}, {"model": "sessions.session", "pk": "vrj8j1q7d961es01004l3vgfpx6lg03q", "fields": {"session_data": "N2NlZGE2OWQ0ZDZhYTkyNGIzNThjNGU0YjMxMzVhOTlmYWYyNGE2Njp7Il9hdXRoX3VzZXJfaWQiOiIxIiwiX2F1dGhfdXNlcl9iYWNrZW5kIjoiZGphbmdvLmNvbnRyaWIuYXV0aC5iYWNrZW5kcy5Nb2RlbEJhY2tlbmQiLCJfYXV0aF91c2VyX2hhc2giOiIxYWFlMzIyNGQyYmY2YWY2ODMxZjE1ZDQ4MThmMjljMDcyZmFlMjdiIn0=", "expire_date": "2018-02-27T23:17:13.449Z"}}, {"model": "sessions.session", "pk": "wp1pb2jknsj97pah9ttqwo6s151evnev", "fields": {"session_data": "YWU0Njc1ZDIxYjk5N2QzYmE4ZDAyMzEzZTUwN2ZjYTJiNTE1YzZiNzp7Il9hdXRoX3VzZXJfaWQiOiIxMyIsIl9hdXRoX3VzZXJfYmFja2VuZCI6ImRqYW5nby5jb250cmliLmF1dGguYmFja2VuZHMuTW9kZWxCYWNrZW5kIiwiX2F1dGhfdXNlcl9oYXNoIjoiMjI0YzAyYzdlZGQ0MmZjYzRmNzk5YWYzYzIyZDcwZTQ0ZDNhZWIxMyJ9", "expire_date": "2018-03-01T19:10:28.404Z"}}, {"model": "sessions.session", "pk": "wyk7j9ppnbuppb5a5t7edaogndwyfhxd", "fields": {"session_data": "NmUwNTAzY2NjOTY0OThkZGNhYmQ2ODY4MTRhNmIxMGE3NzUxNzQ3Njp7Il9hdXRoX3VzZXJfaWQiOiIyIiwiX2F1dGhfdXNlcl9iYWNrZW5kIjoiZGphbmdvLmNvbnRyaWIuYXV0aC5iYWNrZW5kcy5Nb2RlbEJhY2tlbmQiLCJfYXV0aF91c2VyX2hhc2giOiI3NDAwMzZiZDRlYmY0MTg3MDZlY2ZmZjRjYjAxNGFlMTg1NjdkOGJmIiwiYmFzZV9pZCI6MX0=", "expire_date": "2018-02-28T21:55:33.575Z"}}, {"model": "sessions.session", "pk": "y0xoghei94h9w8671vb8pv8kgzrvvx1l", "fields": {"session_data": "NGQ3ZWY2ZjQ0MjRhZTgwZDIyNDc0NzA1NTAxY2M0YjVlNDQ0ZDM2NTp7Il9hdXRoX3VzZXJfaWQiOiIyIiwiYmFzZV9pZCI6NCwiX2F1dGhfdXNlcl9iYWNrZW5kIjoiZGphbmdvLmNvbnRyaWIuYXV0aC5iYWNrZW5kcy5Nb2RlbEJhY2tlbmQiLCJfYXV0aF91c2VyX2hhc2giOiI3NDAwMzZiZDRlYmY0MTg3MDZlY2ZmZjRjYjAxNGFlMTg1NjdkOGJmIn0=", "expire_date": "2018-02-28T08:21:39.818Z"}}, {"model": "auth.permission", "pk": 1, "fields": {"name": "Can add log entry", "content_type": 1, "codename": "add_logentry"}}, {"model": "auth.permission", "pk": 2, "fields": {"name": "Can change log entry", "content_type": 1, "codename": "change_logentry"}}, {"model": "auth.permission", "pk": 3, "fields": {"name": "Can delete log entry", "content_type": 1, "codename": "delete_logentry"}}, {"model": "auth.permission", "pk": 4, "fields": {"name": "Can add group", "content_type": 2, "codename": "add_group"}}, {"model": "auth.permission", "pk": 5, "fields": {"name": "Can change group", "content_type": 2, "codename": "change_group"}}, {"model": "auth.permission", "pk": 6, "fields": {"name": "Can delete group", "content_type": 2, "codename": "delete_group"}}, {"model": "auth.permission", "pk": 7, "fields": {"name": "Can add permission", "content_type": 3, "codename": "add_permission"}}, {"model": "auth.permission", "pk": 8, "fields": {"name": "Can change permission", "content_type": 3, "codename": "change_permission"}}, {"model": "auth.permission", "pk": 9, "fields": {"name": "Can delete permission", "content_type": 3, "codename": "delete_permission"}}, {"model": "auth.permission", "pk": 10, "fields": {"name": "Can add user", "content_type": 4, "codename": "add_user"}}, {"model": "auth.permission", "pk": 11, "fields": {"name": "Can change user", "content_type": 4, "codename": "change_user"}}, {"model": "auth.permission", "pk": 12, "fields": {"name": "Can delete user", "content_type": 4, "codename": "delete_user"}}, {"model": "auth.permission", "pk": 13, "fields": {"name": "Can add content type", "content_type": 5, "codename": "add_contenttype"}}, {"model": "auth.permission", "pk": 14, "fields": {"name": "Can change content type", "content_type": 5, "codename": "change_contenttype"}}, {"model": "auth.permission", "pk": 15, "fields": {"name": "Can delete content type", "content_type": 5, "codename": "delete_contenttype"}}, {"model": "auth.permission", "pk": 16, "fields": {"name": "Can add session", "content_type": 6, "codename": "add_session"}}, {"model": "auth.permission", "pk": 17, "fields": {"name": "Can change session", "content_type": 6, "codename": "change_session"}}, {"model": "auth.permission", "pk": 18, "fields": {"name": "Can delete session", "content_type": 6, "codename": "delete_session"}}, {"model": "auth.permission", "pk": 19, "fields": {"name": "Can add question", "content_type": 7, "codename": "add_question"}}, {"model": "auth.permission", "pk": 20, "fields": {"name": "Can change question", "content_type": 7, "codename": "change_question"}}, {"model": "auth.permission", "pk": 21, "fields": {"name": "Can delete question", "content_type": 7, "codename": "delete_question"}}, {"model": "auth.permission", "pk": 22, "fields": {"name": "Can add choice", "content_type": 8, "codename": "add_choice"}}, {"model": "auth.permission", "pk": 23, "fields": {"name": "Can change choice", "content_type": 8, "codename": "change_choice"}}, {"model": "auth.permission", "pk": 24, "fields": {"name": "Can delete choice", "content_type": 8, "codename": "delete_choice"}}, {"model": "auth.permission", "pk": 25, "fields": {"name": "Can add text_ input", "content_type": 9, "codename": "add_text_input"}}, {"model": "auth.permission", "pk": 26, "fields": {"name": "Can change text_ input", "content_type": 9, "codename": "change_text_input"}}, {"model": "auth.permission", "pk": 27, "fields": {"name": "Can delete text_ input", "content_type": 9, "codename": "delete_text_input"}}, {"model": "auth.permission", "pk": 28, "fields": {"name": "Can add scenario", "content_type": 10, "codename": "add_scenario"}}, {"model": "auth.permission", "pk": 29, "fields": {"name": "Can change scenario", "content_type": 10, "codename": "change_scenario"}}, {"model": "auth.permission", "pk": 30, "fields": {"name": "Can delete scenario", "content_type": 10, "codename": "delete_scenario"}}, {"model": "auth.permission", "pk": 31, "fields": {"name": "Can add link", "content_type": 11, "codename": "add_link"}}, {"model": "auth.permission", "pk": 32, "fields": {"name": "Can change link", "content_type": 11, "codename": "change_link"}}, {"model": "auth.permission", "pk": 33, "fields": {"name": "Can delete link", "content_type": 11, "codename": "delete_link"}}, {"model": "auth.permission", "pk": 34, "fields": {"name": "Can add image scenario", "content_type": 12, "codename": "add_imagescenario"}}, {"model": "auth.permission", "pk": 35, "fields": {"name": "Can change image scenario", "content_type": 12, "codename": "change_imagescenario"}}, {"model": "auth.permission", "pk": 36, "fields": {"name": "Can delete image scenario", "content_type": 12, "codename": "delete_imagescenario"}}, {"model": "auth.permission", "pk": 37, "fields": {"name": "Can add image link", "content_type": 13, "codename": "add_imagelink"}}, {"model": "auth.permission", "pk": 38, "fields": {"name": "Can change image link", "content_type": 13, "codename": "change_imagelink"}}, {"model": "auth.permission", "pk": 39, "fields": {"name": "Can delete image link", "content_type": 13, "codename": "delete_imagelink"}}, {"model": "auth.permission", "pk": 40, "fields": {"name": "Can add image chain", "content_type": 14, "codename": "add_imagechain"}}, {"model": "auth.permission", "pk": 41, "fields": {"name": "Can change image chain", "content_type": 14, "codename": "change_imagechain"}}, {"model": "auth.permission", "pk": 42, "fields": {"name": "Can delete image chain", "content_type": 14, "codename": "delete_imagechain"}}, {"model": "auth.permission", "pk": 43, "fields": {"name": "Can add action image", "content_type": 15, "codename": "add_actionimage"}}, {"model": "auth.permission", "pk": 44, "fields": {"name": "Can change action image", "content_type": 15, "codename": "change_actionimage"}}, {"model": "auth.permission", "pk": 45, "fields": {"name": "Can delete action image", "content_type": 15, "codename": "delete_actionimage"}}, {"model": "auth.permission", "pk": 46, "fields": {"name": "Can add base image", "content_type": 16, "codename": "add_baseimage"}}, {"model": "auth.permission", "pk": 47, "fields": {"name": "Can change base image", "content_type": 16, "codename": "change_baseimage"}}, {"model": "auth.permission", "pk": 48, "fields": {"name": "Can delete base image", "content_type": 16, "codename": "delete_baseimage"}}, {"model": "auth.permission", "pk": 49, "fields": {"name": "Can add story", "content_type": 17, "codename": "add_story"}}, {"model": "auth.permission", "pk": 50, "fields": {"name": "Can change story", "content_type": 17, "codename": "change_story"}}, {"model": "auth.permission", "pk": 51, "fields": {"name": "Can delete story", "content_type": 17, "codename": "delete_story"}}, {"model": "auth.permission", "pk": 52, "fields": {"name": "Can add authors", "content_type": 18, "codename": "add_authors"}}, {"model": "auth.permission", "pk": 53, "fields": {"name": "Can change authors", "content_type": 18, "codename": "change_authors"}}, {"model": "auth.permission", "pk": 54, "fields": {"name": "Can delete authors", "content_type": 18, "codename": "delete_authors"}}, {"model": "auth.permission", "pk": 55, "fields": {"name": "Can add story text", "content_type": 19, "codename": "add_storytext"}}, {"model": "auth.permission", "pk": 56, "fields": {"name": "Can change story text", "content_type": 19, "codename": "change_storytext"}}, {"model": "auth.permission", "pk": 57, "fields": {"name": "Can delete story text", "content_type": 19, "codename": "delete_storytext"}}, {"model": "auth.permission", "pk": 58, "fields": {"name": "Can add feedback", "content_type": 20, "codename": "add_feedback"}}, {"model": "auth.permission", "pk": 59, "fields": {"name": "Can change feedback", "content_type": 20, "codename": "change_feedback"}}, {"model": "auth.permission", "pk": 60, "fields": {"name": "Can delete feedback", "content_type": 20, "codename": "delete_feedback"}}, {"model": "auth.user", "pk": 1, "fields": {"password": "pbkdf2_sha256$36000$PKmT9NCkJv1b$5qFBLmMT74OXpN5QpDKiwWlMvucO8jiGVZkMeN5GLpQ=", "last_login": "2018-02-16T22:28:08.535Z", "is_superuser": true, "username": "mehulagarwal", "first_name": "", "last_name": "", "email": "mehul96mail@gmail.com", "is_staff": true, "is_active": true, "date_joined": "2017-11-21T23:56:52.190Z", "groups": [], "user_permissions": []}}, {"model": "auth.user", "pk": 2, "fields": {"password": "pbkdf2_sha256$36000$qymrnKS0S8Ks$Uuq02EzBF1L0qVnrI2v+sZdJs8dmQqnJJcakn8Whd/0=", "last_login": "2018-02-14T15:40:01.619Z", "is_superuser": false, "username": "bruce", "first_name": "Bruce", "last_name": "Wayne", "email": "brucewayne@bwenterprises.com", "is_staff": false, "is_active": true, "date_joined": "2017-12-06T20:07:42Z", "groups": [], "user_permissions": []}}, {"model": "auth.user", "pk": 3, "fields": {"password": "pbkdf2_sha256$36000$0kBoQgHMulkj$AjURgI2SGGznJvlAkSlWbCiNo0ZuKGcqwyiGNQkT8bs=", "last_login": "2018-02-15T19:24:55.024Z", "is_superuser": true, "username": "Auroshikha", "first_name": "Auroshikha", "last_name": "Mandal", "email": "auro1201@gmail.com", "is_staff": true, "is_active": true, "date_joined": "2018-01-10T11:39:20Z", "groups": [], "user_permissions": []}}, {"model": "auth.user", "pk": 4, "fields": {"password": "pbkdf2_sha256$36000$F3PAQU7yPXxZ$ecsmmLLWxNUfNazeGrrO2Bw0tn7WrhGcrKcae3N+Ovs=", "last_login": "2018-02-08T22:00:26.602Z", "is_superuser": false, "username": "seema", "first_name": "", "last_name": "", "email": "b@g.com", "is_staff": false, "is_active": true, "date_joined": "2018-02-08T22:00:26.409Z", "groups": [], "user_permissions": []}}, {"model": "auth.user", "pk": 5, "fields": {"password": "pbkdf2_sha256$36000$p0c9lGDJ3fpn$lQdWMrFK8VAAA2tXghz72AFKAGABwySXsFyeqmwzoEI=", "last_login": "2018-02-10T07:20:34.664Z", "is_superuser": false, "username": "tanmay", "first_name": "", "last_name": "", "email": "tanmoy00mail@gmail.com", "is_staff": false, "is_active": true, "date_joined": "2018-02-10T07:20:34.460Z", "groups": [], "user_permissions": []}}, {"model": "auth.user", "pk": 6, "fields": {"password": "pbkdf2_sha256$36000$XsoOFwB2jVbL$zVwwDmGFUfEn8L4Rajnpas9UTWP3USB6Zrsqt9GqNMY=", "last_login": "2018-02-13T19:06:58.229Z", "is_superuser": false, "username": "proxy", "first_name": "", "last_name": "", "email": "proxy@xyz.com", "is_staff": false, "is_active": true, "date_joined": "2018-02-13T19:06:58.049Z", "groups": [], "user_permissions": []}}, {"model": "auth.user", "pk": 7, "fields": {"password": "pbkdf2_sha256$36000$2RGedXa3JPy1$XpeW0Wyn48FTrnGaTfFycc1ejujqdJACFNmkngpscaM=", "last_login": "2018-02-14T10:08:52.133Z", "is_superuser": false, "username": "malaybhattacharyya", "first_name": "", "last_name": "", "email": "malaybhattacharyya@gmail.com", "is_staff": false, "is_active": true, "date_joined": "2018-02-14T10:08:51.935Z", "groups": [], "user_permissions": []}}, {"model": "auth.user", "pk": 8, "fields": {"password": "pbkdf2_sha256$36000$HkEHUwgXy4oU$FbOW38V5eyffgxUFBlrxaF1I4OkuxJf5sDP0517XuEQ=", "last_login": "2018-02-15T17:19:45.107Z", "is_superuser": false, "username": "Saket", "first_name": "", "last_name": "", "email": "saket96modi@gmail.com", "is_staff": false, "is_active": true, "date_joined": "2018-02-15T16:59:34.337Z", "groups": [], "user_permissions": []}}, {"model": "auth.user", "pk": 9, "fields": {"password": "pbkdf2_sha256$36000$7mZ20yt1Gqq4$7bSOyiL1APdXX7xNCRHznPeHzqedMplwi0yIoWrH6N8=", "last_login": "2018-02-15T18:07:19.978Z", "is_superuser": false, "username": "simi kono", "first_name": "", "last_name": "", "email": "ankip57@gmail.com", "is_staff": false, "is_active": true, "date_joined": "2018-02-15T18:07:19.773Z", "groups": [], "user_permissions": []}}, {"model": "auth.user", "pk": 10, "fields": {"password": "pbkdf2_sha256$36000$1rPxxCiwJvdk$7LYKIGbPWhlOhqUSfLW2LwyaN7Am39ktHY9tL1yXb44=", "last_login": "2018-02-15T18:33:09.818Z", "is_superuser": false, "username": "MIK", "first_name": "", "last_name": "", "email": "mkhan31995@gmail.com", "is_staff": false, "is_active": true, "date_joined": "2018-02-15T18:33:09.679Z", "groups": [], "user_permissions": []}}, {"model": "auth.user", "pk": 11, "fields": {"password": "pbkdf2_sha256$36000$KkU86P9FmzN1$w24VeOT+XOwHlt354s7+B7cXiUj1+eHOh/vf0HxBcX8=", "last_login": "2018-02-15T18:34:15.899Z", "is_superuser": false, "username": "rishika", "first_name": "", "last_name": "", "email": "princess.rity@gmail.com", "is_staff": false, "is_active": true, "date_joined": "2018-02-15T18:34:15.773Z", "groups": [], "user_permissions": []}}, {"model": "auth.user", "pk": 12, "fields": {"password": "pbkdf2_sha256$36000$iWlWDBsViNSR$wwDvi9QapTvA8zOTH4LeEnRKxJSoHjrhMHv0qqfziBM=", "last_login": "2018-02-15T19:01:46.446Z", "is_superuser": false, "username": "AVi", "first_name": "", "last_name": "", "email": "avinashamanpali@gmail.com", "is_staff": false, "is_active": true, "date_joined": "2018-02-15T19:01:46.304Z", "groups": [], "user_permissions": []}}, {"model": "auth.user", "pk": 13, "fields": {"password": "pbkdf2_sha256$36000$uR6l3HHDXl67$dWSXYRbdz8hSVx5Uy99c9553QpzOPryXhLFAGHYf+2o=", "last_login": "2018-02-15T19:10:28.349Z", "is_superuser": false, "username": "arbit", "first_name": "", "last_name": "", "email": "arbitarbit@gmail.com", "is_staff": false, "is_active": true, "date_joined": "2018-02-15T19:10:28.112Z", "groups": [], "user_permissions": []}}, {"model": "auth.user", "pk": 14, "fields": {"password": "pbkdf2_sha256$36000$tmJPisC9pJvW$XrL83Qk/i4zDZw41g+2Lf8R7qH5ZaHvIvesmGaqrQDs=", "last_login": "2018-02-15T19:20:19.464Z", "is_superuser": false, "username": "Seema ", "first_name": "", "last_name": "", "email": "seemaxyz@gmail.com", "is_staff": false, "is_active": true, "date_joined": "2018-02-15T19:20:19.325Z", "groups": [], "user_permissions": []}}, {"model": "auth.user", "pk": 15, "fields": {"password": "pbkdf2_sha256$36000$wuTdRfNI5OtI$bNEc3MyHbm/XbqXZwFQLPKp1dLjKCC6dKeS8gE0Cyro=", "last_login": "2018-02-15T20:45:15.405Z", "is_superuser": false, "username": "vivek", "first_name": "", "last_name": "", "email": "12345678", "is_staff": false, "is_active": true, "date_joined": "2018-02-15T20:45:15.188Z", "groups": [], "user_permissions": []}}, {"model": "admin.logentry", "pk": 1, "fields": {"action_time": "2017-12-06T20:16:05.386Z", "user": 1, "content_type": 4, "object_id": "2", "object_repr": "bruce", "action_flag": 2, "change_message": "[{\"changed\": {\"fields\": [\"first_name\"]}}]"}}, {"model": "admin.logentry", "pk": 2, "fields": {"action_time": "2017-12-07T08:59:14.178Z", "user": 1, "content_type": 9, "object_id": "1", "object_repr": "She approached the cupboard.", "action_flag": 2, "change_message": "[{\"changed\": {\"fields\": [\"input_text\"]}}]"}}, {"model": "admin.logentry", "pk": 3, "fields": {"action_time": "2017-12-07T15:01:44.137Z", "user": 1, "content_type": 9, "object_id": "4", "object_repr": "She picks up her phone.", "action_flag": 3, "change_message": ""}}, {"model": "admin.logentry", "pk": 4, "fields": {"action_time": "2017-12-07T19:35:17.161Z", "user": 1, "content_type": 10, "object_id": "2", "object_repr": "The dog kept staring at the door. Why?", "action_flag": 1, "change_message": "[{\"added\": {}}, {\"added\": {\"object\": \"The door had been locked for the last 5 years, and she did not have the key.\", \"name\": \"text_ input\"}}]"}}, {"model": "admin.logentry", "pk": 5, "fields": {"action_time": "2017-12-07T23:42:53.753Z", "user": 1, "content_type": 10, "object_id": "3", "object_repr": "He pulled into the driveway, and saw the main door wide open.", "action_flag": 1, "change_message": "[{\"added\": {}}]"}}, {"model": "admin.logentry", "pk": 6, "fields": {"action_time": "2017-12-07T23:44:38.338Z", "user": 1, "content_type": 10, "object_id": "3", "object_repr": "He pulled into the driveway, and saw the main door wide open.", "action_flag": 2, "change_message": "[{\"added\": {\"object\": \"He rushed into the house, afraid that something was wrong.\", \"name\": \"text_ input\"}}, {\"added\": {\"object\": \"He thought she had left it open by mistake, and went in calling her name.\", \"name\": \"text_ input\"}}, {\"added\": {\"object\": \"Before he could go in, she came running out, screaming loudly.\", \"name\": \"text_ input\"}}, {\"added\": {\"object\": \"'This is my chance', he thought, as he went in quietly.\", \"name\": \"text_ input\"}}]"}}, {"model": "admin.logentry", "pk": 7, "fields": {"action_time": "2017-12-07T23:46:38.295Z", "user": 1, "content_type": 10, "object_id": "4", "object_repr": "Robert was getting bored sitting at his desk. It had been a quiet day at the station. His phone rang.", "action_flag": 1, "change_message": "[{\"added\": {}}, {\"added\": {\"object\": \"'I have her', said the voice.\", \"name\": \"text_ input\"}}, {\"added\": {\"object\": \"'HELP!' was all he heard before the line cut.\", \"name\": \"text_ input\"}}, {\"added\": {\"object\": \"It was his wife, calling to say she would be late from work.\", \"name\": \"text_ input\"}}]"}}, {"model": "admin.logentry", "pk": 8, "fields": {"action_time": "2018-01-09T14:26:38.139Z", "user": 1, "content_type": 12, "object_id": "1", "object_repr": "ImageScenario object", "action_flag": 1, "change_message": "[{\"added\": {}}]"}}, {"model": "admin.logentry", "pk": 9, "fields": {"action_time": "2018-01-09T14:27:50.833Z", "user": 1, "content_type": 12, "object_id": "2", "object_repr": "ImageScenario object", "action_flag": 1, "change_message": "[{\"added\": {}}]"}}, {"model": "admin.logentry", "pk": 10, "fields": {"action_time": "2018-01-09T14:28:27.589Z", "user": 1, "content_type": 12, "object_id": "3", "object_repr": "ImageScenario object", "action_flag": 1, "change_message": "[{\"added\": {}}]"}}, {"model": "admin.logentry", "pk": 11, "fields": {"action_time": "2018-01-09T14:28:50.737Z", "user": 1, "content_type": 12, "object_id": "4", "object_repr": "ImageScenario object", "action_flag": 1, "change_message": "[{\"added\": {}}]"}}, {"model": "admin.logentry", "pk": 12, "fields": {"action_time": "2018-01-09T14:29:55.383Z", "user": 1, "content_type": 12, "object_id": "5", "object_repr": "ImageScenario object", "action_flag": 1, "change_message": "[{\"added\": {}}]"}}, {"model": "admin.logentry", "pk": 13, "fields": {"action_time": "2018-01-09T14:32:05.723Z", "user": 1, "content_type": 12, "object_id": "6", "object_repr": "ImageScenario object", "action_flag": 1, "change_message": "[{\"added\": {}}]"}}, {"model": "admin.logentry", "pk": 14, "fields": {"action_time": "2018-01-09T14:32:42.577Z", "user": 1, "content_type": 12, "object_id": "7", "object_repr": "ImageScenario object", "action_flag": 1, "change_message": "[{\"added\": {}}]"}}, {"model": "admin.logentry", "pk": 15, "fields": {"action_time": "2018-01-09T14:33:43.969Z", "user": 1, "content_type": 12, "object_id": "8", "object_repr": "ImageScenario object", "action_flag": 1, "change_message": "[{\"added\": {}}]"}}, {"model": "admin.logentry", "pk": 16, "fields": {"action_time": "2018-01-09T14:36:58.726Z", "user": 1, "content_type": 12, "object_id": "9", "object_repr": "ImageScenario object", "action_flag": 1, "change_message": "[{\"added\": {}}]"}}, {"model": "admin.logentry", "pk": 17, "fields": {"action_time": "2018-01-10T11:39:20.154Z", "user": 1, "content_type": 4, "object_id": "3", "object_repr": "Auroshikha", "action_flag": 1, "change_message": "[{\"added\": {}}]"}}, {"model": "admin.logentry", "pk": 18, "fields": {"action_time": "2018-01-10T11:39:37.443Z", "user": 1, "content_type": 4, "object_id": "3", "object_repr": "Auroshikha", "action_flag": 2, "change_message": "[{\"changed\": {\"fields\": [\"is_staff\", \"is_superuser\"]}}]"}}, {"model": "admin.logentry", "pk": 19, "fields": {"action_time": "2018-01-23T12:09:38.743Z", "user": 1, "content_type": 4, "object_id": "3", "object_repr": "Auroshikha", "action_flag": 2, "change_message": "[{\"changed\": {\"fields\": [\"first_name\", \"last_name\", \"email\"]}}]"}}, {"model": "admin.logentry", "pk": 20, "fields": {"action_time": "2018-02-12T21:00:18.969Z", "user": 1, "content_type": 15, "object_id": "1", "object_repr": "ActionImage object", "action_flag": 1, "change_message": "[{\"added\": {}}]"}}, {"model": "admin.logentry", "pk": 21, "fields": {"action_time": "2018-02-12T21:00:24.194Z", "user": 1, "content_type": 15, "object_id": "2", "object_repr": "ActionImage object", "action_flag": 1, "change_message": "[{\"added\": {}}]"}}, {"model": "admin.logentry", "pk": 22, "fields": {"action_time": "2018-02-12T21:00:28.933Z", "user": 1, "content_type": 15, "object_id": "3", "object_repr": "ActionImage object", "action_flag": 1, "change_message": "[{\"added\": {}}]"}}, {"model": "admin.logentry", "pk": 23, "fields": {"action_time": "2018-02-12T21:00:34.090Z", "user": 1, "content_type": 15, "object_id": "4", "object_repr": "ActionImage object", "action_flag": 1, "change_message": "[{\"added\": {}}]"}}, {"model": "admin.logentry", "pk": 24, "fields": {"action_time": "2018-02-12T21:00:40.075Z", "user": 1, "content_type": 15, "object_id": "5", "object_repr": "ActionImage object", "action_flag": 1, "change_message": "[{\"added\": {}}]"}}, {"model": "admin.logentry", "pk": 25, "fields": {"action_time": "2018-02-12T21:00:44.554Z", "user": 1, "content_type": 15, "object_id": "6", "object_repr": "ActionImage object", "action_flag": 1, "change_message": "[{\"added\": {}}]"}}, {"model": "admin.logentry", "pk": 26, "fields": {"action_time": "2018-02-12T21:00:48.513Z", "user": 1, "content_type": 15, "object_id": "7", "object_repr": "ActionImage object", "action_flag": 1, "change_message": "[{\"added\": {}}]"}}, {"model": "admin.logentry", "pk": 27, "fields": {"action_time": "2018-02-12T21:00:56.513Z", "user": 1, "content_type": 15, "object_id": "8", "object_repr": "ActionImage object", "action_flag": 1, "change_message": "[{\"added\": {}}]"}}, {"model": "admin.logentry", "pk": 28, "fields": {"action_time": "2018-02-12T21:01:00.551Z", "user": 1, "content_type": 15, "object_id": "9", "object_repr": "ActionImage object", "action_flag": 1, "change_message": "[{\"added\": {}}]"}}, {"model": "admin.logentry", "pk": 29, "fields": {"action_time": "2018-02-12T21:01:03.933Z", "user": 1, "content_type": 15, "object_id": "10", "object_repr": "ActionImage object", "action_flag": 1, "change_message": "[{\"added\": {}}]"}}, {"model": "admin.logentry", "pk": 30, "fields": {"action_time": "2018-02-12T21:01:07.175Z", "user": 1, "content_type": 15, "object_id": "11", "object_repr": "ActionImage object", "action_flag": 1, "change_message": "[{\"added\": {}}]"}}, {"model": "admin.logentry", "pk": 31, "fields": {"action_time": "2018-02-13T11:51:26.771Z", "user": 3, "content_type": 15, "object_id": "12", "object_repr": "ActionImage object", "action_flag": 1, "change_message": "[{\"added\": {}}]"}}, {"model": "admin.logentry", "pk": 32, "fields": {"action_time": "2018-02-13T11:53:37.892Z", "user": 3, "content_type": 15, "object_id": "13", "object_repr": "ActionImage object", "action_flag": 1, "change_message": "[{\"added\": {}}]"}}, {"model": "admin.logentry", "pk": 33, "fields": {"action_time": "2018-02-13T11:53:56.263Z", "user": 3, "content_type": 15, "object_id": "14", "object_repr": "ActionImage object", "action_flag": 1, "change_message": "[{\"added\": {}}]"}}, {"model": "admin.logentry", "pk": 34, "fields": {"action_time": "2018-02-13T11:54:15.102Z", "user": 3, "content_type": 15, "object_id": "15", "object_repr": "ActionImage object", "action_flag": 1, "change_message": "[{\"added\": {}}]"}}, {"model": "admin.logentry", "pk": 35, "fields": {"action_time": "2018-02-13T11:54:51.251Z", "user": 3, "content_type": 15, "object_id": "16", "object_repr": "ActionImage object", "action_flag": 1, "change_message": "[{\"added\": {}}]"}}, {"model": "admin.logentry", "pk": 36, "fields": {"action_time": "2018-02-13T11:55:30.915Z", "user": 3, "content_type": 15, "object_id": "17", "object_repr": "ActionImage object", "action_flag": 1, "change_message": "[{\"added\": {}}]"}}, {"model": "admin.logentry", "pk": 37, "fields": {"action_time": "2018-02-13T11:55:53.130Z", "user": 3, "content_type": 15, "object_id": "18", "object_repr": "ActionImage object", "action_flag": 1, "change_message": "[{\"added\": {}}]"}}, {"model": "admin.logentry", "pk": 38, "fields": {"action_time": "2018-02-13T11:56:25.821Z", "user": 3, "content_type": 15, "object_id": "19", "object_repr": "ActionImage object", "action_flag": 1, "change_message": "[{\"added\": {}}]"}}, {"model": "admin.logentry", "pk": 39, "fields": {"action_time": "2018-02-13T11:57:03.880Z", "user": 3, "content_type": 15, "object_id": "20", "object_repr": "ActionImage object", "action_flag": 1, "change_message": "[{\"added\": {}}]"}}, {"model": "admin.logentry", "pk": 40, "fields": {"action_time": "2018-02-13T13:14:18.335Z", "user": 1, "content_type": 18, "object_id": "1", "object_repr": "Authors object", "action_flag": 1, "change_message": "[{\"added\": {}}]"}}, {"model": "admin.logentry", "pk": 41, "fields": {"action_time": "2018-02-13T18:40:58.947Z", "user": 3, "content_type": 16, "object_id": "3", "object_repr": "BaseImage object", "action_flag": 3, "change_message": ""}}, {"model": "admin.logentry", "pk": 42, "fields": {"action_time": "2018-02-14T06:59:01.231Z", "user": 3, "content_type": 15, "object_id": "21", "object_repr": "ActionImage object", "action_flag": 1, "change_message": "[{\"added\": {}}]"}}, {"model": "admin.logentry", "pk": 43, "fields": {"action_time": "2018-02-14T06:59:49.176Z", "user": 3, "content_type": 15, "object_id": "22", "object_repr": "ActionImage object", "action_flag": 1, "change_message": "[{\"added\": {}}]"}}, {"model": "admin.logentry", "pk": 44, "fields": {"action_time": "2018-02-14T07:00:10.922Z", "user": 3, "content_type": 15, "object_id": "22", "object_repr": "ActionImage object", "action_flag": 2, "change_message": "[]"}}, {"model": "admin.logentry", "pk": 45, "fields": {"action_time": "2018-02-14T07:02:16.978Z", "user": 3, "content_type": 15, "object_id": "23", "object_repr": "ActionImage object", "action_flag": 1, "change_message": "[{\"added\": {}}]"}}, {"model": "admin.logentry", "pk": 46, "fields": {"action_time": "2018-02-14T07:02:36.184Z", "user": 3, "content_type": 15, "object_id": "24", "object_repr": "ActionImage object", "action_flag": 1, "change_message": "[{\"added\": {}}]"}}, {"model": "admin.logentry", "pk": 47, "fields": {"action_time": "2018-02-14T07:02:52.142Z", "user": 3, "content_type": 15, "object_id": "25", "object_repr": "ActionImage object", "action_flag": 1, "change_message": "[{\"added\": {}}]"}}, {"model": "admin.logentry", "pk": 48, "fields": {"action_time": "2018-02-14T07:04:21.699Z", "user": 3, "content_type": 15, "object_id": "26", "object_repr": "ActionImage object", "action_flag": 1, "change_message": "[{\"added\": {}}]"}}, {"model": "admin.logentry", "pk": 49, "fields": {"action_time": "2018-02-14T07:05:37.866Z", "user": 3, "content_type": 15, "object_id": "27", "object_repr": "ActionImage object", "action_flag": 1, "change_message": "[{\"added\": {}}]"}}, {"model": "admin.logentry", "pk": 50, "fields": {"action_time": "2018-02-14T07:06:28.409Z", "user": 3, "content_type": 15, "object_id": "28", "object_repr": "ActionImage object", "action_flag": 1, "change_message": "[{\"added\": {}}]"}}, {"model": "admin.logentry", "pk": 51, "fields": {"action_time": "2018-02-14T07:07:59.972Z", "user": 3, "content_type": 15, "object_id": "29", "object_repr": "ActionImage object", "action_flag": 1, "change_message": "[{\"added\": {}}]"}}, {"model": "admin.logentry", "pk": 52, "fields": {"action_time": "2018-02-14T07:08:41.808Z", "user": 3, "content_type": 15, "object_id": "30", "object_repr": "ActionImage object", "action_flag": 1, "change_message": "[{\"added\": {}}]"}}, {"model": "admin.logentry", "pk": 53, "fields": {"action_time": "2018-02-14T07:10:00.054Z", "user": 3, "content_type": 15, "object_id": "31", "object_repr": "ActionImage object", "action_flag": 1, "change_message": "[{\"added\": {}}]"}}, {"model": "admin.logentry", "pk": 54, "fields": {"action_time": "2018-02-14T07:10:52.469Z", "user": 3, "content_type": 15, "object_id": "32", "object_repr": "ActionImage object", "action_flag": 1, "change_message": "[{\"added\": {}}]"}}, {"model": "admin.logentry", "pk": 55, "fields": {"action_time": "2018-02-14T07:11:49.776Z", "user": 3, "content_type": 15, "object_id": "33", "object_repr": "ActionImage object", "action_flag": 1, "change_message": "[{\"added\": {}}]"}}, {"model": "admin.logentry", "pk": 56, "fields": {"action_time": "2018-02-14T07:12:21.624Z", "user": 3, "content_type": 15, "object_id": "34", "object_repr": "ActionImage object", "action_flag": 1, "change_message": "[{\"added\": {}}]"}}, {"model": "admin.logentry", "pk": 57, "fields": {"action_time": "2018-02-14T07:13:05.133Z", "user": 3, "content_type": 15, "object_id": "35", "object_repr": "ActionImage object", "action_flag": 1, "change_message": "[{\"added\": {}}]"}}, {"model": "admin.logentry", "pk": 58, "fields": {"action_time": "2018-02-14T07:16:32.939Z", "user": 3, "content_type": 15, "object_id": "36", "object_repr": "ActionImage object", "action_flag": 1, "change_message": "[{\"added\": {}}]"}}, {"model": "admin.logentry", "pk": 59, "fields": {"action_time": "2018-02-14T07:17:06.253Z", "user": 3, "content_type": 15, "object_id": "37", "object_repr": "ActionImage object", "action_flag": 1, "change_message": "[{\"added\": {}}]"}}, {"model": "admin.logentry", "pk": 60, "fields": {"action_time": "2018-02-14T08:56:53.584Z", "user": 3, "content_type": 15, "object_id": "38", "object_repr": "ActionImage object", "action_flag": 1, "change_message": "[{\"added\": {}}]"}}, {"model": "admin.logentry", "pk": 61, "fields": {"action_time": "2018-02-14T08:57:35.213Z", "user": 3, "content_type": 15, "object_id": "39", "object_repr": "ActionImage object", "action_flag": 1, "change_message": "[{\"added\": {}}]"}}, {"model": "admin.logentry", "pk": 62, "fields": {"action_time": "2018-02-14T09:08:08.748Z", "user": 3, "content_type": 15, "object_id": "40", "object_repr": "ActionImage object", "action_flag": 1, "change_message": "[{\"added\": {}}]"}}, {"model": "admin.logentry", "pk": 63, "fields": {"action_time": "2018-02-14T09:10:19.071Z", "user": 3, "content_type": 15, "object_id": "41", "object_repr": "ActionImage object", "action_flag": 1, "change_message": "[{\"added\": {}}]"}}, {"model": "polls.feedback", "pk": 1, "fields": {"user": 1, "feedback_text": "Fix Home."}}, {"model": "polls.feedback", "pk": 2, "fields": {"user": 11, "feedback_text": "Improve the User Interface. Interesting topic. Add more functioanalities."}}, {"model": "polls.feedback", "pk": 3, "fields": {"user": 10, "feedback_text": "Do add a feature of selecting multiple images at once for the story."}}, {"model": "polls.feedback", "pk": 4, "fields": {"user": 10, "feedback_text": "Do mention the name of the base story as a heading when it is being written by some user."}}, {"model": "polls.feedback", "pk": 5, "fields": {"user": 12, "feedback_text": "Finish up the designing part (Just to make things look pleasant to eyes), Buy a domain and publish the site ASAP! :D"}}, {"model": "polls.storytext", "pk": 1, "fields": {"story": 3, "user": 1, "story_text": "It was a cold day, and he sat there like he did every evening. \r\nSuddenly, he heard a loud scream from somewhere in the forest nearby.\r\nA woman's scream. Getting up, he started heading toward the source of the scream.\r\nHe started seeing footsteps in the snow. But the footsteps were not those of a woman's, judging by the print, but that of a seemingly large man with large feet. (Atleast that is what he thought from the footprints.)\r\nHe started following the steps...", "votes": 1}}, {"model": "polls.storytext", "pk": 2, "fields": {"story": 1, "user": 3, "story_text": "It was an unusually cold night. But what was even more unusual was the presence of a hooded figure on the park bench, in this snow.\r\nHe seemed to be doing nothing. He just sat there like a mannequin.\r\nSuddenly, as if right on cue, he got up and started going down the road..\r\n", "votes": 5}}, {"model": "polls.storytext", "pk": 3, "fields": {"story": 1, "user": 1, "story_text": "It was a cold day, and he sat there like he did every evening. \r\nSuddenly, he head a noise from far away. Curious, he got up and headed toward the source of the sound.\r\n\t\t\r\n\t\t", "votes": 1}}, {"model": "polls.storytext", "pk": 4, "fields": {"story": 22, "user": 8, "story_text": "The phone rings!\r\nOn a still, cold, ghastly night!\r\nA beautiful woman picks up the phone at the dreaded hour!\r\nSuddenly things escalate and the woman is asking for divorce!\r\nThe husband is wondering what the <hell> is going on?\r\nThis continues till the morning(yea, its sunrise , not sunset).\r\nIn the morning, everybody is ( somehow ) exercising, happy, dancing and singing....but ( yea, obviously, we cant have a happy ending ) someone(anybody, yea, any ducking body ) comes in and shots them.!\r\n\r\nThe end!\r\n", "votes": 3}}, {"model": "polls.storytext", "pk": 5, "fields": {"story": 25, "user": 9, "story_text": "John is swinging in a park. His sister, Mary, on the other hand is enjoying a delicious scoop of choco-chipped vanilla ice-cream. Their elder sister, Tanya is practising ballet in the community hall of the park.", "votes": 2}}, {"model": "polls.storytext", "pk": 6, "fields": {"story": 29, "user": 10, "story_text": "There is a cave near the river side of Dholakpur which is known to be 1000 years old. \r\n\t\t\r\n\t\t\r\n\t\t\r\n\t\t", "votes": 1}}, {"model": "polls.storytext", "pk": 7, "fields": {"story": 14, "user": 3, "story_text": " It was English Lit. It was still 45 minutes for the class to end. It was then that I noticed her. Across the second row, playing with her hair; her dark, brown luxurious  hair. I passed her my copy asking for her number.\r\n\r\n\r\n\t\t", "votes": 0}}, {"model": "polls.authors", "pk": 1, "fields": {"story": 1, "user": 3}}, {"model": "polls.authors", "pk": 2, "fields": {"story": 1, "user": 1}}, {"model": "polls.authors", "pk": 4, "fields": {"story": 3, "user": 1}}, {"model": "polls.authors", "pk": 5, "fields": {"story": 4, "user": 1}}, {"model": "polls.authors", "pk": 7, "fields": {"story": 6, "user": 3}}, {"model": "polls.authors", "pk": 15, "fields": {"story": 14, "user": 3}}, {"model": "polls.authors", "pk": 16, "fields": {"story": 15, "user": 3}}, {"model": "polls.authors", "pk": 18, "fields": {"story": 17, "user": 7}}, {"model": "polls.authors", "pk": 19, "fields": {"story": 1, "user": 7}}, {"model": "polls.authors", "pk": 20, "fields": {"story": 18, "user": 1}}, {"model": "polls.authors", "pk": 21, "fields": {"story": 19, "user": 2}}, {"model": "polls.authors", "pk": 22, "fields": {"story": 20, "user": 1}}, {"model": "polls.authors", "pk": 23, "fields": {"story": 21, "user": 3}}, {"model": "polls.authors", "pk": 24, "fields": {"story": 22, "user": 8}}, {"model": "polls.authors", "pk": 25, "fields": {"story": 23, "user": 8}}, {"model": "polls.authors", "pk": 26, "fields": {"story": 24, "user": 1}}, {"model": "polls.authors", "pk": 27, "fields": {"story": 25, "user": 9}}, {"model": "polls.authors", "pk": 28, "fields": {"story": 26, "user": 1}}, {"model": "polls.authors", "pk": 29, "fields": {"story": 27, "user": 1}}, {"model": "polls.authors", "pk": 30, "fields": {"story": 28, "user": 3}}, {"model": "polls.authors", "pk": 31, "fields": {"story": 29, "user": 10}}, {"model": "polls.authors", "pk": 32, "fields": {"story": 30, "user": 10}}, {"model": "polls.authors", "pk": 33, "fields": {"story": 31, "user": 14}}, {"model": "polls.baseimage", "pk": 1, "fields": {"user": 1, "url": "https://s-media-cache-ak0.pinimg.com/originals/db/1e/5e/db1e5e16e961d051c3019b486c5b433a.jpg", "text": "Snow falling. It's almost dark. A lonely man is sitting on a park bench."}}, {"model": "polls.baseimage", "pk": 2, "fields": {"user": 3, "url": "https://i.ytimg.com/vi/UHEZTvsiNXM/maxresdefault.jpg", "text": "Amidst the graveyard silence, the phone began to ring. A loud-clear sound.."}}, {"model": "polls.baseimage", "pk": 4, "fields": {"user": 3, "url": "https://media.istockphoto.com/photos/university-students-study-in-a-classroom-with-male-lecturer-picture-id597963388", "text": "A normal day. A normal class. It was English Literature. The Prof was going on and on about the consequences of Antony's manipulative speech after Caesar's death; how it instigated the mob and how cleverly it was done. It was stifling inside the closed room... "}}, {"model": "polls.baseimage", "pk": 5, "fields": {"user": 3, "url": "http://moziru.com/images/alone-clipart-hispanic-boy-3.jpg", "text": "Richard was whistling to himself. Again no one asked him to play. "}}, {"model": "polls.baseimage", "pk": 6, "fields": {"user": 3, "url": "https://previews.123rf.com/images/lenm/lenm1011/lenm101100470/8268655-illustration-of-a-kid-on-a-swing.jpg", "text": "A child is swinging in a park. It's going to be dusk soon."}}, {"model": "polls.baseimage", "pk": 7, "fields": {"user": 10, "url": "http://www.chhotabheem.com/image/catalog/wallpaper/series_7.jpg", "text": "Chhotabheem: Secret behind the Cave"}}]